Email	FirstName	BusinessName	City	Trade	PricingLink
info@emergency-roofers.com	Emergency	Emergency Roofers Stockport Experts	Stockport	roofer	https://emergencytradesmen.net/pricing?utm_source=gmail_mailmerge&utm_campaign=batch_4_manual&utm_medium=email&trade=roofer&city=Stockport&ref=12e503a1-6a2d-4db1-b788-1ff3f9766fee
sales@trustatrader.com	JCL	JCL Roofing Specialists Stockport area	Stockport	roofer	https://emergencytradesmen.net/pricing?utm_source=gmail_mailmerge&utm_campaign=batch_4_manual&utm_medium=email&trade=roofer&city=Stockport&ref=609557a6-92de-408e-82bb-65e6ee99f785
info@hullroofers.co.uk	Hull	Hull Roofers 24/7	Hull	roofer	https://emergencytradesmen.net/pricing?utm_source=gmail_mailmerge&utm_campaign=batch_4_manual&utm_medium=email&trade=roofer&city=Hull&ref=d3889c4b-bdbf-4efd-ad59-f2e376cd1425
info@roofinghull.co.uk	Roofers	Roofers Hull Specialists 24HR	Hull	roofer	https://emergencytradesmen.net/pricing?utm_source=gmail_mailmerge&utm_campaign=batch_4_manual&utm_medium=email&trade=roofer&city=Hull&ref=138fef16-7f9a-4d47-8876-80cfdc5b2791
info@absoluteroofinghull.co.uk	Absolute	Absolute Roofing Hull Support	Hull	roofer	https://emergencytradesmen.net/pricing?utm_source=gmail_mailmerge&utm_campaign=batch_4_manual&utm_medium=email&trade=roofer&city=Hull&ref=b5d9ce70-8744-43bb-b410-029e70097ad7
info@kingstonroofline.co.uk	Kingston	Kingston Roofline Hull experts	Hull	roofer	https://emergencytradesmen.net/pricing?utm_source=gmail_mailmerge&utm_campaign=batch_4_manual&utm_medium=email&trade=roofer&city=Hull&ref=d8655962-5358-4e5e-b257-e32f58ecaf62
jgreedy13@icloud.com	J	J Greedy Roofing Cardiff 24HR	Cardiff	roofer	https://emergencytradesmen.net/pricing?utm_source=gmail_mailmerge&utm_campaign=batch_4_manual&utm_medium=email&trade=roofer&city=Cardiff&ref=c375e555-57c0-4353-9952-cdc6fda1173b
1stcall2001@gmail.com	1st	1st Call Roofing Repairs Cardiff Specialists	Cardiff	roofer	https://emergencytradesmen.net/pricing?utm_source=gmail_mailmerge&utm_campaign=batch_4_manual&utm_medium=email&trade=roofer&city=Cardiff&ref=cf19dda0-8a06-43be-92c7-0dde7a33d53a
info@cardiff-roofers.co.uk	Cardiff	Cardiff Roofers experts 24/7	Cardiff	roofer	https://emergencytradesmen.net/pricing?utm_source=gmail_mailmerge&utm_campaign=batch_4_manual&utm_medium=email&trade=roofer&city=Cardiff&ref=549ddcfe-1b23-4e49-b613-f2b65b8aa8ea
info@absoluteroofing247.co.uk	Absolute	Absolute Roofing 24/7 Bradford Specialists	Bradford	roofer	https://emergencytradesmen.net/pricing?utm_source=gmail_mailmerge&utm_campaign=batch_4_manual&utm_medium=email&trade=roofer&city=Bradford&ref=2596b5df-59a6-4054-90a2-a66ebfe16b63
roofserveltd@outlook.com	Roofserve	Roofserve Bradford experts	Bradford	roofer	https://emergencytradesmen.net/pricing?utm_source=gmail_mailmerge&utm_campaign=batch_4_manual&utm_medium=email&trade=roofer&city=Bradford&ref=7142ab1f-0366-4b56-a75f-8a5d47cc70f8
max_roofing@hotmail.co.uk	Max	Max Roofing Bradford Specialists	Bradford	roofer	https://emergencytradesmen.net/pricing?utm_source=gmail_mailmerge&utm_campaign=batch_4_manual&utm_medium=email&trade=roofer&city=Bradford&ref=3d433ce2-ba98-49f2-99b1-8f504859b794
citydrivesandroofing@icloud.com	City	City Drives and Roofing LTD Bradford Support	Bradford	roofer	https://emergencytradesmen.net/pricing?utm_source=gmail_mailmerge&utm_campaign=batch_4_manual&utm_medium=email&trade=roofer&city=Bradford&ref=4cc96ed0-14fb-441e-ad57-ce6e09b0b7bf
info@roofrepairsbelfast.com	RRB	RRB Roofing Belfast Support	Belfast	roofer	https://emergencytradesmen.net/pricing?utm_source=gmail_mailmerge&utm_campaign=batch_4_manual&utm_medium=email&trade=roofer&city=Belfast&ref=b7c21183-b9cb-4bbc-9ede-f8b09a600bcd
peakroofs1@gmail.com	Peak	Peak Roofing Services Nottingham 24/7	Nottingham	roofer	https://emergencytradesmen.net/pricing?utm_source=gmail_mailmerge&utm_campaign=batch_4_manual&utm_medium=email&trade=roofer&city=Nottingham&ref=8073cace-5981-4354-97a8-073d44c17393
the-roofing-doctor@outlook.com	The	The Roofing Doctor Belfast experts	Belfast	roofer	https://emergencytradesmen.net/pricing?utm_source=gmail_mailmerge&utm_campaign=batch_4_manual&utm_medium=email&trade=roofer&city=Belfast&ref=90eee2dc-883b-4e65-8d8c-9b16c09614fd
contact@a1-roofing.co.uk	A1	A1 Roofing UK Nottingham branch experts	Nottingham	roofer	https://emergencytradesmen.net/pricing?utm_source=gmail_mailmerge&utm_campaign=batch_4_manual&utm_medium=email&trade=roofer&city=Nottingham&ref=91c7a3ef-4be9-4334-be4a-a1104a9a026d
sales@roofworkssw.co.uk	Roofworks	Roofworks SW Plymouth Support	Plymouth	roofer	https://emergencytradesmen.net/pricing?utm_source=gmail_mailmerge&utm_campaign=batch_4_manual&utm_medium=email&trade=roofer&city=Plymouth&ref=25b308f7-636d-4d8c-97d8-54441cad1a79
andy-c@sherfordroofing.co.uk	Sherford	Sherford Roofing & Maintenance Ltd specialists	Plymouth	roofer	https://emergencytradesmen.net/pricing?utm_source=gmail_mailmerge&utm_campaign=batch_4_manual&utm_medium=email&trade=roofer&city=Plymouth&ref=ceb451aa-6607-40f3-8212-da07ad5c5893
contact@a1-roofing-derby.co.uk	A1	A1 Roofing Derby 24/7	Derby	roofer	https://emergencytradesmen.net/pricing?utm_source=gmail_mailmerge&utm_campaign=batch_4_manual&utm_medium=email&trade=roofer&city=Derby&ref=2f6fe15a-40e8-4aa6-8ef3-278c23a76455
info@harpersroofing.co.uk	Harpers	Harpers Roofing Derby 24HR	Derby	roofer	https://emergencytradesmen.net/pricing?utm_source=gmail_mailmerge&utm_campaign=batch_4_manual&utm_medium=email&trade=roofer&city=Derby&ref=11e5bf48-9ab2-4652-b2b4-769a88a96a8e
contact@checkatrade.com	T.S	T.S Roofing & General Building Derby Support	Derby	roofer	https://emergencytradesmen.net/pricing?utm_source=gmail_mailmerge&utm_campaign=batch_4_manual&utm_medium=email&trade=roofer&city=Derby&ref=3d3d2411-3f01-4bd1-8665-92668750bd54
sales@trustatrader.com	Stormproof	Stormproof Property Maintenance Ltd Derby experts	Derby	roofer	https://emergencytradesmen.net/pricing?utm_source=gmail_mailmerge&utm_campaign=batch_4_manual&utm_medium=email&trade=roofer&city=Derby&ref=d373f2ec-afbb-4606-9cbe-74ab9ae52ca1
info@checkatrade.com	Alpha	Alpha Roofing Brighton experts	Brighton	roofer	https://emergencytradesmen.net/pricing?utm_source=gmail_mailmerge&utm_campaign=batch_4_manual&utm_medium=email&trade=roofer&city=Brighton&ref=957abb19-1fa7-4a40-bdcc-0d7ea5185d91
contact@a1-roofing-brighton.co.uk	A1	A1 Roofing Brighton Specialists	Brighton	roofer	https://emergencytradesmen.net/pricing?utm_source=gmail_mailmerge&utm_campaign=batch_4_manual&utm_medium=email&trade=roofer&city=Brighton&ref=7f27a9cf-49a6-472f-b48f-1c50c1af7ca1
contact@a1-roofing-portsmouth.co.uk	A1	A1 Roofing Portsmouth 24HR	Portsmouth	roofer	https://emergencytradesmen.net/pricing?utm_source=gmail_mailmerge&utm_campaign=batch_4_manual&utm_medium=email&trade=roofer&city=Portsmouth&ref=2b8a07f4-4781-4b75-9bea-0ae053952145
info@emergency-roofers.com	Emergency	Emergency Roofers Portsmouth 24/7	Portsmouth	roofer	https://emergencytradesmen.net/pricing?utm_source=gmail_mailmerge&utm_campaign=batch_4_manual&utm_medium=email&trade=roofer&city=Portsmouth&ref=18a3430b-e9fb-4bb0-9be6-5de9081f0c05
info@njsgroup.co.uk	NJS	NJS Roofing Portsmouth experts	Portsmouth	roofer	https://emergencytradesmen.net/pricing?utm_source=gmail_mailmerge&utm_campaign=batch_4_manual&utm_medium=email&trade=roofer&city=Portsmouth&ref=68ed104f-c5b2-45a2-96b3-c0c752d2c34c
contact@a1-roofing-luton.co.uk	A1	A1 Roofing Luton Specialists	Luton	roofer	https://emergencytradesmen.net/pricing?utm_source=gmail_mailmerge&utm_campaign=batch_4_manual&utm_medium=email&trade=roofer&city=Luton&ref=d956c12d-9367-42c2-8d3f-0e1bdf783010
info@lutonroofrepairs.co.uk	Luton	Luton Roof Repairs 24HR	Luton	roofer	https://emergencytradesmen.net/pricing?utm_source=gmail_mailmerge&utm_campaign=batch_4_manual&utm_medium=email&trade=roofer&city=Luton&ref=1039792d-e549-43ed-8403-d941efcbae2c
info@ridgelineroofingandbuilding.com	Ridgeline	Ridgeline Roofing & Building Specialists Ltd Luton 24/7	Luton	roofer	https://emergencytradesmen.net/pricing?utm_source=gmail_mailmerge&utm_campaign=batch_4_manual&utm_medium=email&trade=roofer&city=Luton&ref=9a0e549c-98c4-40e0-b2a4-90cfc441806e
info@uptoproofing.co.uk	Up	Up Top Roofing Bournemouth 24HR	Bournemouth	roofer	https://emergencytradesmen.net/pricing?utm_source=gmail_mailmerge&utm_campaign=batch_4_manual&utm_medium=email&trade=roofer&city=Bournemouth&ref=7cd9519d-d343-4cf2-ba7f-ced8733ae101
info@emergency-roofers.com	Emergency	Emergency Roofers Bournemouth 24/7	Bournemouth	roofer	https://emergencytradesmen.net/pricing?utm_source=gmail_mailmerge&utm_campaign=batch_4_manual&utm_medium=email&trade=roofer&city=Bournemouth&ref=04158cba-f0d0-497f-95a3-994930acae41
info@checkatrade.com	Trusty	Trusty Roofers Luton experts	Luton	roofer	https://emergencytradesmen.net/pricing?utm_source=gmail_mailmerge&utm_campaign=batch_4_manual&utm_medium=email&trade=roofer&city=Luton&ref=66f7ef65-825c-43a3-8034-1ccd89ef1932
info@bournemouthroofrepairs.com	Bournemouth	Bournemouth Roofing Co Ltd Support	Bournemouth	roofer	https://emergencytradesmen.net/pricing?utm_source=gmail_mailmerge&utm_campaign=batch_4_manual&utm_medium=email&trade=roofer&city=Bournemouth&ref=e66cf589-99d0-42b5-af2e-8e5b636b1ad9
info@emergency-roofers.com	Emergency	Emergency Roofers Luton Support	Luton	roofer	https://emergencytradesmen.net/pricing?utm_source=gmail_mailmerge&utm_campaign=batch_4_manual&utm_medium=email&trade=roofer&city=Luton&ref=ff227fc7-8632-4cf7-aadd-73af92e7dbfa
info@miltonkeynesroofing.co.uk	Milton	Milton Keynes Roofing Specialists	Milton Keynes	roofer	https://emergencytradesmen.net/pricing?utm_source=gmail_mailmerge&utm_campaign=batch_4_manual&utm_medium=email&trade=roofer&city=Milton%20Keynes&ref=22fafa30-ba31-42b1-ab84-452df4633f4b
info@forthrightroofing.co.uk	Forthright	Forthright Roofing Ltd Milton Keynes 24HR	Milton Keynes	roofer	https://emergencytradesmen.net/pricing?utm_source=gmail_mailmerge&utm_campaign=batch_4_manual&utm_medium=email&trade=roofer&city=Milton%20Keynes&ref=6aebe208-3c0b-4ea0-b0e8-fa05c6a75fc1
info@solidstoneroofing.co.uk	Solid	Solid Stone Roofing Milton Keynes 24/7	Milton Keynes	roofer	https://emergencytradesmen.net/pricing?utm_source=gmail_mailmerge&utm_campaign=batch_4_manual&utm_medium=email&trade=roofer&city=Milton%20Keynes&ref=da9f7f1e-f6e5-4347-b99e-f12ef5c76ab1
info@dorsetguttering.co.uk	Dorset	Dorset Guttering Poole 24/7	Poole	roofer	https://emergencytradesmen.net/pricing?utm_source=gmail_mailmerge&utm_campaign=batch_4_manual&utm_medium=email&trade=roofer&city=Poole&ref=7aa291be-9fbe-402c-9700-9af1edbb4b69
dave@dhaynesroofing.com	D	D Haynes Roofing Ltd Milton Keynes experts	Milton Keynes	roofer	https://emergencytradesmen.net/pricing?utm_source=gmail_mailmerge&utm_campaign=batch_4_manual&utm_medium=email&trade=roofer&city=Milton%20Keynes&ref=a1a7a32a-2e54-4ab4-b944-e71127984ac5
info@allproroofinggutteringltd.co.uk	All	All Pro Roofing & Guttering Ltd Milton Keynes Support	Milton Keynes	roofer	https://emergencytradesmen.net/pricing?utm_source=gmail_mailmerge&utm_campaign=batch_4_manual&utm_medium=email&trade=roofer&city=Milton%20Keynes&ref=d209c9a9-9f18-496a-a4e5-87a5a5d15626
info@hkroofingcompany.com	HK	HK Roofing Company Ltd Poole 24HR	Poole	roofer	https://emergencytradesmen.net/pricing?utm_source=gmail_mailmerge&utm_campaign=batch_4_manual&utm_medium=email&trade=roofer&city=Poole&ref=32e58fba-01eb-4762-a482-dbf1f2ca3997
contact@a1-roofing.co.uk	A1	A1 Roofing UK Poole Specialists	Poole	roofer	https://emergencytradesmen.net/pricing?utm_source=gmail_mailmerge&utm_campaign=batch_4_manual&utm_medium=email&trade=roofer&city=Poole&ref=9405ef67-5d9e-4f41-8276-f889780b24dc
contact@a1-roofing-peterborough.co.uk	A1	A1 Roofing Peterborough 24HR	Peterborough	roofer	https://emergencytradesmen.net/pricing?utm_source=gmail_mailmerge&utm_campaign=batch_4_manual&utm_medium=email&trade=roofer&city=Peterborough&ref=f21ff5dc-03d8-4f73-950a-419cc67056e3
info@poolescaffolder.co.uk	Dorset	Dorset Scaffolding and Roofing Services Support	Poole	roofer	https://emergencytradesmen.net/pricing?utm_source=gmail_mailmerge&utm_campaign=batch_4_manual&utm_medium=email&trade=roofer&city=Poole&ref=7c9f30d3-8970-4c06-bac0-9c9ce3153e41
info@gj-solutions.co.uk	G&J	G&J Solutions LTD Poole experts	Poole	roofer	https://emergencytradesmen.net/pricing?utm_source=gmail_mailmerge&utm_campaign=batch_4_manual&utm_medium=email&trade=roofer&city=Poole&ref=9488a340-8e7c-426d-bf85-2af3c961c119
sales@trustatrader.com	All	All Home Repairs 24/7 Ltd Peterborough Support	Peterborough	roofer	https://emergencytradesmen.net/pricing?utm_source=gmail_mailmerge&utm_campaign=batch_4_manual&utm_medium=email&trade=roofer&city=Peterborough&ref=2d190155-73ad-411f-87ed-a0d17cc768bb
info@absoluteroofing247.co.uk	Absolute	Absolute Roofing 24/7 York 24HR	York	roofer	https://emergencytradesmen.net/pricing?utm_source=gmail_mailmerge&utm_campaign=batch_4_manual&utm_medium=email&trade=roofer&city=York&ref=543927d1-c968-4074-8fef-68ab2ca8688e
info@roofingwhiterose.co.uk	White	White Rose Roofing York 24/7	York	roofer	https://emergencytradesmen.net/pricing?utm_source=gmail_mailmerge&utm_campaign=batch_4_manual&utm_medium=email&trade=roofer&city=York&ref=62036e87-4cfb-4cbb-90a5-1c8a676ec0c3
info@roofersinyork.co.uk	Skyward	Skyward Roofing York Specialists	York	roofer	https://emergencytradesmen.net/pricing?utm_source=gmail_mailmerge&utm_campaign=batch_4_manual&utm_medium=email&trade=roofer&city=York&ref=37546508-dad4-497a-b60a-8faededab42e
info@myyorkroofer.co.uk	My	My York Roofer experts	York	roofer	https://emergencytradesmen.net/pricing?utm_source=gmail_mailmerge&utm_campaign=batch_4_manual&utm_medium=email&trade=roofer&city=York&ref=92dec0b9-749a-4969-b81a-6d8941fd5fe6
info@duffyroofing.co.uk	Duffy	Duffy Roofing Ltd Dundee 24/7	Dundee	roofer	https://emergencytradesmen.net/pricing?utm_source=gmail_mailmerge&utm_campaign=batch_4_manual&utm_medium=email&trade=roofer&city=Dundee&ref=8ac52277-eebf-45c1-bb70-5a1e3238ad9f
info@krroofing.co.uk	KR	KR Roofing Dundee 24HR	Dundee	roofer	https://emergencytradesmen.net/pricing?utm_source=gmail_mailmerge&utm_campaign=batch_4_manual&utm_medium=email&trade=roofer&city=Dundee&ref=12c098fe-c870-453f-86e5-c8ba09fbabf1
office@abroofing.co.uk	A&B	A&B Roofing Dundee Specialists	Dundee	roofer	https://emergencytradesmen.net/pricing?utm_source=gmail_mailmerge&utm_campaign=batch_4_manual&utm_medium=email&trade=roofer&city=Dundee&ref=89be0334-fc08-45a0-941e-25b5f0a89655
contact@checkatrade.com	Tayside	Tayside Roofing Services Support	Dundee	roofer	https://emergencytradesmen.net/pricing?utm_source=gmail_mailmerge&utm_campaign=batch_4_manual&utm_medium=email&trade=roofer&city=Dundee&ref=a302023c-44ed-4cbf-b4f0-94db7e3cca5a
contact@checkatrade.com	Dundee	Dundee Trusted Roofers experts	Dundee	roofer	https://emergencytradesmen.net/pricing?utm_source=gmail_mailmerge&utm_campaign=batch_4_manual&utm_medium=email&trade=roofer&city=Dundee&ref=a4d0497c-510d-42bc-8091-9cf31043349a
contact@a1-roofing.co.uk	A1	A1 Roofing UK Ipswich 24/7	Ipswich	roofer	https://emergencytradesmen.net/pricing?utm_source=gmail_mailmerge&utm_campaign=batch_4_manual&utm_medium=email&trade=roofer&city=Ipswich&ref=dadd08b5-7a4f-48d0-9e5f-449efb6644ee
info@avenue-roofing.co.uk	Avenue	Avenue Roofing Ipswich 24HR	Ipswich	roofer	https://emergencytradesmen.net/pricing?utm_source=gmail_mailmerge&utm_campaign=batch_4_manual&utm_medium=email&trade=roofer&city=Ipswich&ref=07c7054f-855c-4ba8-980a-e84c69b84ef6
info@home-guard.uk	Home	Home Guard UK Ipswich Specialists	Ipswich	roofer	https://emergencytradesmen.net/pricing?utm_source=gmail_mailmerge&utm_campaign=batch_4_manual&utm_medium=email&trade=roofer&city=Ipswich&ref=78b46a12-5871-4fe2-9f4d-66c924d0839a
info@mmroofingipswich.co.uk	Ipswich	Ipswich Roof Contractor Support	Ipswich	roofer	https://emergencytradesmen.net/pricing?utm_source=gmail_mailmerge&utm_campaign=batch_4_manual&utm_medium=email&trade=roofer&city=Ipswich&ref=f802a84d-a623-4045-895f-ba8e966e73ae
micah@micahrich.com	RayFirst	RayFirst Building Maintenance Gloucester 24HR	Gloucester	roofer	https://emergencytradesmen.net/pricing?utm_source=gmail_mailmerge&utm_campaign=batch_4_manual&utm_medium=email&trade=roofer&city=Gloucester&ref=fd00abfe-876b-4df7-9375-9d56fc10c805
info@checkatrade.com	Schofield	Schofield Roofing Ltd Ipswich experts	Ipswich	roofer	https://emergencytradesmen.net/pricing?utm_source=gmail_mailmerge&utm_campaign=batch_4_manual&utm_medium=email&trade=roofer&city=Ipswich&ref=837fe7ff-d696-4a56-b853-98ea34d9ff8d
info@doctorroofing.co.uk	Doctor	Doctor Roofing Gloucester 24/7	Gloucester	roofer	https://emergencytradesmen.net/pricing?utm_source=gmail_mailmerge&utm_campaign=batch_4_manual&utm_medium=email&trade=roofer&city=Gloucester&ref=0dbf2f1f-cda1-4f07-ace6-6b2ef408034c
contact@checkatrade.com	J	J P Contractors Roofing Specialists Gloucester experts	Gloucester	roofer	https://emergencytradesmen.net/pricing?utm_source=gmail_mailmerge&utm_campaign=batch_4_manual&utm_medium=email&trade=roofer&city=Gloucester&ref=a700f6f1-98e7-401e-a1df-48678f1fe496
valeroofing247@gmail.com	Vale	Vale Roofing 24/7 Gloucester Specialists	Gloucester	roofer	https://emergencytradesmen.net/pricing?utm_source=gmail_mailmerge&utm_campaign=batch_4_manual&utm_medium=email&trade=roofer&city=Gloucester&ref=2a2dd408-e7d5-443b-b6d7-cb741196a66f
info@actdirect.co.uk	ACT	ACT Direct Gloucester Support	Gloucester	roofer	https://emergencytradesmen.net/pricing?utm_source=gmail_mailmerge&utm_campaign=batch_4_manual&utm_medium=email&trade=roofer&city=Gloucester&ref=1f6e31f0-1f31-4564-b848-a632b6deaa0b
605a7baede844d278b89dc95ae0a9123@sentry-next.wixpress.com	K	K Russell Roofing Aberdeen Support	Aberdeen	roofer	https://emergencytradesmen.net/pricing?utm_source=gmail_mailmerge&utm_campaign=batch_4_manual&utm_medium=email&trade=roofer&city=Aberdeen&ref=8cdfe887-dc6b-451b-9c14-dada9dd60904
roofingridgeright@gmail.com	Ridge	Ridge Right Roofing Newport Support	Newport	roofer	https://emergencytradesmen.net/pricing?utm_source=gmail_mailmerge&utm_campaign=batch_4_manual&utm_medium=email&trade=roofer&city=Newport&ref=58a9c5a1-baab-4263-95fe-50051e3464f2
contact@a1-roofing.co.uk	Roofing	Roofing Preston A1 experts	Preston	roofer	https://emergencytradesmen.net/pricing?utm_source=gmail_mailmerge&utm_campaign=batch_4_manual&utm_medium=email&trade=roofer&city=Preston&ref=13255dd6-62c5-48f6-a2b7-2e48fa5bca02
info@emergency-roofers.com	Emergency	Emergency Roofers Slough Support	Slough	roofer	https://emergencytradesmen.net/pricing?utm_source=gmail_mailmerge&utm_campaign=batch_4_manual&utm_medium=email&trade=roofer&city=Slough&ref=205e309a-abf8-44c7-ae4c-8eae9568228f
info@composerroofing.co.uk	Composer	Composer Roofing Slough Specialists	Slough	roofer	https://emergencytradesmen.net/pricing?utm_source=gmail_mailmerge&utm_campaign=batch_4_manual&utm_medium=email&trade=roofer&city=Slough&ref=0233df0f-bb84-400e-b489-d5ec59e18279
info@skyguardflatroofing.co.uk	Rotherham	Rotherham Roofer Skyguard Specialists	Rotherham	roofer	https://emergencytradesmen.net/pricing?utm_source=gmail_mailmerge&utm_campaign=batch_4_manual&utm_medium=email&trade=roofer&city=Rotherham&ref=1caac446-fa31-4f5e-be3e-731338a5ca7d
info@paulcharlesroofing.co.uk	Paul	Paul Charles Roofing West Bromwich 24/7	West Bromwich	roofer	https://emergencytradesmen.net/pricing?utm_source=gmail_mailmerge&utm_campaign=batch_4_manual&utm_medium=email&trade=roofer&city=West%20Bromwich&ref=038de803-a22f-45a1-bd49-9d7eaeb5f22c
info@roofershighwycombe.co.uk	Roofers	Roofers High Wycombe Specialists	High Wycombe	roofer	https://emergencytradesmen.net/pricing?utm_source=gmail_mailmerge&utm_campaign=batch_4_manual&utm_medium=email&trade=roofer&city=High%20Wycombe&ref=225c0425-c714-421c-a2b0-00090dba1159
info@safeguardroofingandbuildingltd.co.uk	Safeguard	Safeguard Roofing High Wycombe 24HR	High Wycombe	roofer	https://emergencytradesmen.net/pricing?utm_source=gmail_mailmerge&utm_campaign=batch_4_manual&utm_medium=email&trade=roofer&city=High%20Wycombe&ref=36f5725e-3b32-4360-9ff0-05a075f7a7b9
info@dblackburncontractors.co.uk	D.	D. Blackburn Contractors Specialists	Blackburn	roofer	https://emergencytradesmen.net/pricing?utm_source=gmail_mailmerge&utm_campaign=batch_4_manual&utm_medium=email&trade=roofer&city=Blackburn&ref=7f1956b8-51c7-4b6c-86ab-bef73e631364
info@roofdoctor.co.uk	Roof	Roof Doctor Blackburn Support	Blackburn	roofer	https://emergencytradesmen.net/pricing?utm_source=gmail_mailmerge&utm_campaign=batch_4_manual&utm_medium=email&trade=roofer&city=Blackburn&ref=c449ef8d-ff0e-4896-96ae-91fe35da27b5
info@lmroofing.uk	LM	LM Roofing Colchester Specialists	Colchester	roofer	https://emergencytradesmen.net/pricing?utm_source=gmail_mailmerge&utm_campaign=batch_4_manual&utm_medium=email&trade=roofer&city=Colchester&ref=21f5676c-348c-4783-a16d-5e24e3b2b2f4
info@tproofingandbuilding.co.uk	TP	TP Roofing & Building Ltd Colchester Support	Colchester	roofer	https://emergencytradesmen.net/pricing?utm_source=gmail_mailmerge&utm_campaign=batch_4_manual&utm_medium=email&trade=roofer&city=Colchester&ref=645011c9-41a5-4211-acf5-77ec07317865
info@checkatrade.com	Colchester	Colchester Reliable Roofers	Colchester	roofer	https://emergencytradesmen.net/pricing?utm_source=gmail_mailmerge&utm_campaign=batch_4_manual&utm_medium=email&trade=roofer&city=Colchester&ref=65aa1973-aacd-4dc6-a4e2-5e0949182eea
info@absoluteroofing247.co.uk	Absolute	Absolute Roofing 24/7 Oldham 24HR	Oldham	roofer	https://emergencytradesmen.net/pricing?utm_source=gmail_mailmerge&utm_campaign=batch_4_manual&utm_medium=email&trade=roofer&city=Oldham&ref=345cc211-056e-40eb-8d77-e368483e78e1
info@tbfroofing.co.uk	TBF	TBF Roofing Oldham 24/7	Oldham	roofer	https://emergencytradesmen.net/pricing?utm_source=gmail_mailmerge&utm_campaign=batch_4_manual&utm_medium=email&trade=roofer&city=Oldham&ref=29f14e11-bde8-4ca5-8a9e-8aca13da2e97
webmaster@jmacroofing.co.uk	J-Mac	J-Mac Roofing Oldham Specialists	Oldham	roofer	https://emergencytradesmen.net/pricing?utm_source=gmail_mailmerge&utm_campaign=batch_4_manual&utm_medium=email&trade=roofer&city=Oldham&ref=997d8d75-ce68-4b46-ae2f-2ddb6e1d6a62
info@crowncrawleyroofing.co.uk	Crown	Crown Crawley Roofing Support	Crawley	roofer	https://emergencytradesmen.net/pricing?utm_source=gmail_mailmerge&utm_campaign=batch_4_manual&utm_medium=email&trade=roofer&city=Crawley&ref=f8482276-25b7-4cae-95ac-7a11f38ed6ff
info@roofingcrawley.co.uk	Crawley	Crawley Roofing Experts team	Crawley	roofer	https://emergencytradesmen.net/pricing?utm_source=gmail_mailmerge&utm_campaign=batch_4_manual&utm_medium=email&trade=roofer&city=Crawley&ref=5aea9099-35e7-4d2d-b97e-297bc4ff2dd8
info@astraroofing.co.uk	Astra	Astra Roofing Basildon 24/7	Basildon	roofer	https://emergencytradesmen.net/pricing?utm_source=gmail_mailmerge&utm_campaign=batch_4_manual&utm_medium=email&trade=roofer&city=Basildon&ref=49faf0f5-fcef-4dc6-b312-25bba0517d78
info@pickettroofing.co.uk	M	M Pickett Roofing Chelmsford Support	Chelmsford	roofer	https://emergencytradesmen.net/pricing?utm_source=gmail_mailmerge&utm_campaign=batch_4_manual&utm_medium=email&trade=roofer&city=Chelmsford&ref=7969be25-5c0b-49af-8e0d-244d68ac4359
info@allenroofingltdlincoln.co.uk	Allen	Allen Roofing Lincoln 24HR	Lincoln	roofer	https://emergencytradesmen.net/pricing?utm_source=gmail_mailmerge&utm_campaign=batch_4_manual&utm_medium=email&trade=roofer&city=Lincoln&ref=31705476-fa4b-4fbe-b9f7-b41d6265ebeb
info@emergency-roofers.com	Emergency	Emergency Roofers Chelmsford 24/7	Chelmsford	roofer	https://emergencytradesmen.net/pricing?utm_source=gmail_mailmerge&utm_campaign=batch_4_manual&utm_medium=email&trade=roofer&city=Chelmsford&ref=60c43bd2-f3f8-4d89-8e34-5afc1b5af2f8
info@a1-roofing-maidstone.co.uk	A1	A1 Roofing Maidstone 24/7	Maidstone	roofer	https://emergencytradesmen.net/pricing?utm_source=gmail_mailmerge&utm_campaign=batch_4_manual&utm_medium=email&trade=roofer&city=Maidstone&ref=6c42a232-068d-4e33-84b6-c5f29d758552
%20roof-fit-lincoln@contractor.net	Roof	Roof Fit Lincoln experts	Lincoln	roofer	https://emergencytradesmen.net/pricing?utm_source=gmail_mailmerge&utm_campaign=batch_4_manual&utm_medium=email&trade=roofer&city=Lincoln&ref=0d84b136-00b4-4f7b-a764-d686cdf3aef1
samuelharris403@gmail.com	S	S Harris Roofing Maidstone Support	Maidstone	roofer	https://emergencytradesmen.net/pricing?utm_source=gmail_mailmerge&utm_campaign=batch_4_manual&utm_medium=email&trade=roofer&city=Maidstone&ref=d5f4649a-79f5-4b23-97b7-b40b0dc7d3e3
info@heritageroofingcompany.co.uk	Heritage	Heritage Roofing Company Lincoln Specialists	Lincoln	roofer	https://emergencytradesmen.net/pricing?utm_source=gmail_mailmerge&utm_campaign=batch_4_manual&utm_medium=email&trade=roofer&city=Lincoln&ref=442dea63-6e75-4e51-a52b-c6912bca8a49
enquiry@chelmsfordroofing4u.co.uk	Chelmsford	Chelmsford Roofing Company Specialists	Chelmsford	roofer	https://emergencytradesmen.net/pricing?utm_source=gmail_mailmerge&utm_campaign=batch_4_manual&utm_medium=email&trade=roofer&city=Chelmsford&ref=78db73d2-093f-4355-b360-2bba82bc477b
info@gradearoofing.com	Grade	Grade A Roofing Chelmsford experts	Chelmsford	roofer	https://emergencytradesmen.net/pricing?utm_source=gmail_mailmerge&utm_campaign=batch_4_manual&utm_medium=email&trade=roofer&city=Chelmsford&ref=46143588-ae22-4c6b-8865-414670d069ce
whiteroofing2022@hotmail.com	White	White Roofing Maidstone Specialists	Maidstone	roofer	https://emergencytradesmen.net/pricing?utm_source=gmail_mailmerge&utm_campaign=batch_4_manual&utm_medium=email&trade=roofer&city=Maidstone&ref=4ba1a2b0-54c3-4566-8cad-107800efafb8
info@checkatrade.com	HM	HM Roofing Maidstone experts	Maidstone	roofer	https://emergencytradesmen.net/pricing?utm_source=gmail_mailmerge&utm_campaign=batch_4_manual&utm_medium=email&trade=roofer&city=Maidstone&ref=8baad8b9-8b6d-4102-92e3-bca4f041d7bb
info@capitalroofinguk.co.uk	Capital	Capital Roofing Basingstoke 24/7	Basingstoke	roofer	https://emergencytradesmen.net/pricing?utm_source=gmail_mailmerge&utm_campaign=batch_4_manual&utm_medium=email&trade=roofer&city=Basingstoke&ref=dc2f1212-eeae-413d-ace2-d7c7d9588a19
info@thehomerestorator.com	The	The Home Restorator Ltd Basingstoke 24HR	Basingstoke	roofer	https://emergencytradesmen.net/pricing?utm_source=gmail_mailmerge&utm_campaign=batch_4_manual&utm_medium=email&trade=roofer&city=Basingstoke&ref=0a61fbe1-7a25-450a-b0c0-0ab3b2e883a0