Rank,Business Name,Trade,Phone,Address,City,Rating,Reviews,Google URL
1,"Baker Brothers Plumbing, Air & Electric","plumber","(214) 324-8811","2615 Big Town Blvd, Mesquite, TX 75150, USA","Dallas",4.9,24239,"https://www.google.com/search?q=Baker%20Brothers%20Plumbing%2C%20Air%20%26%20Electric%20Dallas%20TX"
2,"Milestone Electric, A/C, & Plumbing","plumber","(214) 717-6708","5414 Forest Ln, Dallas, TX 75229, USA","Dallas",4.9,18679,"https://www.google.com/search?q=Milestone%20Electric%2C%20A%2FC%2C%20%26%20Plumbing%20Dallas%20TX"
3,"A#1 Air","plumber","(972) 460-0001","601 E Corporate Dr, Lewisville, TX 75057, USA","Dallas",4.7,11961,"https://www.google.com/search?q=A%231%20Air%20Dallas%20TX"
4,"Berkeys Plumbing, A/C & Electrical","plumber","(817) 481-5869","1070 S Kimball Ave Suite 131, Southlake, TX 76092, USA","Dallas",4.8,7821,"https://www.google.com/search?q=Berkeys%20Plumbing%2C%20A%2FC%20%26%20Electrical%20Dallas%20TX"
5,"Bacon Plumbing Heating Air Electric","plumber","(972) 645-2738","2055 Kristy Ln, Rockwall, TX 75032, USA","Dallas",4.9,7050,"https://www.google.com/search?q=Bacon%20Plumbing%20Heating%20Air%20Electric%20Dallas%20TX"
6,"Rescue Rooter","plumber","(214) 989-4872","6029 Campus Cir Dr W Ste 150, Irving, TX 75063, USA","Dallas",4.7,5881,"https://www.google.com/search?q=Rescue%20Rooter%20Dallas%20TX"
7,"On Time Experts","plumber","(469) 208-9725","2914 National Ct, Garland, TX 75041, USA","Dallas",4.8,5852,"https://www.google.com/search?q=On%20Time%20Experts%20Dallas%20TX"
8,"Willard Heating, Cooling, & Plumbing","plumber","(469) 275-0391","207 US-80, Forney, TX 75126, USA","Dallas",4.9,5579,"https://www.google.com/search?q=Willard%20Heating%2C%20Cooling%2C%20%26%20Plumbing%20Dallas%20TX"
9,"Milestone Electric, A/C, & Plumbing","plumber","(972) 913-6165","2901 N Central Expy #102, Plano, TX 75075, USA","Dallas",4.9,5558,"https://www.google.com/search?q=Milestone%20Electric%2C%20A%2FC%2C%20%26%20Plumbing%20Dallas%20TX"
10,"Frymire Home Services","plumber","(972) 910-2204","2818 Satsuma Dr, Dallas, TX 75229, USA","Dallas",4.8,4557,"https://www.google.com/search?q=Frymire%20Home%20Services%20Dallas%20TX"
11,"Milestone Electric, A/C, & Plumbing","plumber","(817) 672-8166","1802 Industrial Blvd #3, Colleyville, TX 76034, USA","Dallas",4.8,4099,"https://www.google.com/search?q=Milestone%20Electric%2C%20A%2FC%2C%20%26%20Plumbing%20Dallas%20TX"
12,"Service Experts Dallas","plumber","(972) 619-7607","640 International Pkwy Suite 200, Richardson, TX 75081, USA","Dallas",4.8,3830,"https://www.google.com/search?q=Service%20Experts%20Dallas%20Dallas%20TX"
13,"CW Service Pros Plumbing, Heating & Air Conditioning","plumber","(972) 845-8220","1890 Midway Rd, Lewisville, TX 75056, USA","Dallas",4.8,3629,"https://www.google.com/search?q=CW%20Service%20Pros%20Plumbing%2C%20Heating%20%26%20Air%20Conditioning%20Dallas%20TX"
14,"Rescue Air and Plumbing","plumber","(972) 201-3253","9639 Greenville Ave, Dallas, TX 75243, USA","Dallas",4.9,3618,"https://www.google.com/search?q=Rescue%20Air%20and%20Plumbing%20Dallas%20TX"
15,"Willard Cooling, Heating, Plumbing, & Electrical (Max Air And Plumbing – Max Mechanical)","plumber","(817) 674-7522","2313 Michigan Ct, Arlington, TX 76016, USA","Dallas",4.9,3465,"https://www.google.com/search?q=Willard%20Cooling%2C%20Heating%2C%20Plumbing%2C%20%26%20Electrical%20(Max%20Air%20And%20Plumbing%20%E2%80%93%20Max%20Mechanical)%20Dallas%20TX"
16,"Berkeys Plumbing, A/C & Electrical","plumber","(214) 612-0133","4311 Belmont Ave Suite 125, Dallas, TX 75204, USA","Dallas",4.9,3229,"https://www.google.com/search?q=Berkeys%20Plumbing%2C%20A%2FC%20%26%20Electrical%20Dallas%20TX"
17,"Mansfield Plumbing, Electric, Heating & Air","plumber","(817) 476-1425","1275 N Main St Ste 416, Mansfield, TX 76063, USA","Dallas",4.9,3003,"https://www.google.com/search?q=Mansfield%20Plumbing%2C%20Electric%2C%20Heating%20%26%20Air%20Dallas%20TX"
18,"Benjamin Franklin Plumbing","plumber","(972) 588-4668","1100 Jupiter Rd #150A, Plano, TX 75074, USA","Dallas",4.8,2584,"https://www.google.com/search?q=Benjamin%20Franklin%20Plumbing%20Dallas%20TX"
19,"Swan Electric, Plumbing, Heating & Air","plumber","(469) 240-9295","309 U.S. 80 Frontage Rd, Sunnyvale, TX 75182, USA","Dallas",4.7,2491,"https://www.google.com/search?q=Swan%20Electric%2C%20Plumbing%2C%20Heating%20%26%20Air%20Dallas%20TX"
20,"Astar Air Conditioning, Plumbing & Electric","plumber","(972) 278-7111","9201 Forest Ln, Dallas, TX 75243, USA","Dallas",4.8,2486,"https://www.google.com/search?q=Astar%20Air%20Conditioning%2C%20Plumbing%20%26%20Electric%20Dallas%20TX"
21,"Xtreme Air Services - HVAC, Plumbing, & Electrical","plumber","(972) 288-2263","308 U.S. 80 Frontage Rd, Sunnyvale, TX 75182, USA","Dallas",4.8,2390,"https://www.google.com/search?q=Xtreme%20Air%20Services%20-%20HVAC%2C%20Plumbing%2C%20%26%20Electrical%20Dallas%20TX"
22,"Dry Force Water Removal Specialists","plumber","(469) 772-9510","3701 W Royal Ln Suite 120, Irving, TX 75063, USA","Dallas",4.7,2343,"https://www.google.com/search?q=Dry%20Force%20Water%20Removal%20Specialists%20Dallas%20TX"
23,"billyGO Air Conditioning & Plumbing","plumber","(817) 934-1619","923 Minters Chapel Rd, Grapevine, TX 76051, USA","Dallas",4.9,2203,"https://www.google.com/search?q=billyGO%20Air%20Conditioning%20%26%20Plumbing%20Dallas%20TX"
24,"Cody & Sons Plumbing, Heating & Air","plumber","(214) 894-9629","209 W Clarendon Dr, Dallas, TX 75208, USA","Dallas",4.9,2156,"https://www.google.com/search?q=Cody%20%26%20Sons%20Plumbing%2C%20Heating%20%26%20Air%20Dallas%20TX"
25,"Service Experts Grand Prairie","plumber","(469) 723-9471","1405 Avenue T, Grand Prairie, TX 75050, USA","Dallas",4.9,2113,"https://www.google.com/search?q=Service%20Experts%20Grand%20Prairie%20Dallas%20TX"
26,"Riddell Plumbing, Inc","plumber","(972) 682-4860","3700 U.S. 80 Frontage Rd, Mesquite, TX 75149, USA","Dallas",4.9,2100,"https://www.google.com/search?q=Riddell%20Plumbing%2C%20Inc%20Dallas%20TX"
27,"L&S Mechanical","plumber","(877) 577-5862","1101 E Arapaho Rd suite 190, Richardson, TX 75081, USA","Dallas",4.9,2097,"https://www.google.com/search?q=L%26S%20Mechanical%20Dallas%20TX"
28,"Lex Air Conditioning","electrician","(972) 466-1917","901 Jupiter Rd, Plano, TX 75074, USA","Dallas",4.8,1977,"https://www.google.com/search?q=Lex%20Air%20Conditioning%20Dallas%20TX"
29,"Copeland Heating Air Conditioning Plumbing and Electrical Repair Services","plumber","(469) 720-4440","11808 S Profit Row, Forney, TX 75126, USA","Dallas",4.9,1915,"https://www.google.com/search?q=Copeland%20Heating%20Air%20Conditioning%20Plumbing%20and%20Electrical%20Repair%20Services%20Dallas%20TX"
30,"Blue Star Plumbing LLC","plumber","(214) 799-9284","1185 Wheelis Rd, Wylie, TX 75098, USA","Dallas",4.9,1886,"https://www.google.com/search?q=Blue%20Star%20Plumbing%20LLC%20Dallas%20TX"
31,"Structured Foundation Repairs","plumber","(972) 534-4158","13301 Trinity Blvd, Euless, TX 76040, USA","Dallas",4.8,1885,"https://www.google.com/search?q=Structured%20Foundation%20Repairs%20Dallas%20TX"
32,"Legacy Plumbing","plumber","(972) 886-5855","8765 Stockard Dr STE 104, Frisco, TX 75034, USA","Dallas",5,1870,"https://www.google.com/search?q=Legacy%20Plumbing%20Dallas%20TX"
33,"Baker Brothers Plumbing, Air & Electric","plumber","(817) 595-0116","7315 Commercial Blvd E, Arlington, TX 76001, USA","Dallas",4.8,1820,"https://www.google.com/search?q=Baker%20Brothers%20Plumbing%2C%20Air%20%26%20Electric%20Dallas%20TX"
34,"Tempo Air","plumber","(972) 579-2000","911 Maryland Dr, Irving, TX 75061, USA","Dallas",4.7,1798,"https://www.google.com/search?q=Tempo%20Air%20Dallas%20TX"
35,"Ernie's Plumbing Service, Inc.","plumber","(888) 802-0005","1809 W Pioneer Pkwy, Arlington, TX 76013, USA","Dallas",4.6,1792,"https://www.google.com/search?q=Ernie's%20Plumbing%20Service%2C%20Inc.%20Dallas%20TX"
36,"Bacon Plumbing Heating Air Electric","plumber","(972) 703-4411","1111 Jupiter Rd suite 108-d, Plano, TX 75074, USA","Dallas",4.9,1751,"https://www.google.com/search?q=Bacon%20Plumbing%20Heating%20Air%20Electric%20Dallas%20TX"
37,"Elmer's Home Services","plumber","(972) 301-2020","340 W Northwest Hwy, Grapevine, TX 76051, USA","Dallas",4.7,1714,"https://www.google.com/search?q=Elmer's%20Home%20Services%20Dallas%20TX"
38,"Public Service Plumbers","plumber","(214) 831-1959","5610 Dyer St, Dallas, TX 75206, USA","Dallas",4.9,1689,"https://www.google.com/search?q=Public%20Service%20Plumbers%20Dallas%20TX"
39,"O'Bryan Plumbing Services","plumber","(972) 708-4593","104 N Cedar Dr, Allen, TX 75002, USA","Dallas",4.9,1676,"https://www.google.com/search?q=O'Bryan%20Plumbing%20Services%20Dallas%20TX"
40,"Medley Heating Air Conditioning Plumbing","plumber","(972) 737-5655","1711 Briercroft Ct ste 127, Carrollton, TX 75006, USA","Dallas",5,1655,"https://www.google.com/search?q=Medley%20Heating%20Air%20Conditioning%20Plumbing%20Dallas%20TX"
41,"United States Home Services","plumber","(214) 301-5784","1805 Royal Ln #101, Dallas, TX 75229, USA","Dallas",5,1652,"https://www.google.com/search?q=United%20States%20Home%20Services%20Dallas%20TX"
42,"Jim's Plumbing Now","plumber","(972) 236-5892","2418 Marsh Ln #106, Carrollton, TX 75006, USA","Dallas",4.9,1598,"https://www.google.com/search?q=Jim's%20Plumbing%20Now%20Dallas%20TX"
43,"Augerpros Plumbing and Drain","plumber","(214) 206-6580","206 W McDermott Dr #120, Allen, TX 75013, USA","Dallas",5,1560,"https://www.google.com/search?q=Augerpros%20Plumbing%20and%20Drain%20Dallas%20TX"
44,"Total Plumbing Service Inc.","plumber","(972) 681-4434","3706 Big A Rd, Rowlett, TX 75089, USA","Dallas",4.9,1538,"https://www.google.com/search?q=Total%20Plumbing%20Service%20Inc.%20Dallas%20TX"
45,"Mr. Rooter Plumbing of Farmers Branch","plumber","(972) 254-5600","4250 Spring Valley Rd, Farmers Branch, TX 75244, USA","Dallas",4.7,1508,"https://www.google.com/search?q=Mr.%20Rooter%20Plumbing%20of%20Farmers%20Branch%20Dallas%20TX"
46,"Roto-Rooter Plumbing & Water Cleanup","plumber","(469) 779-4964","3817 Conflans Rd, Irving, TX 75061, USA","Dallas",4.8,1457,"https://www.google.com/search?q=Roto-Rooter%20Plumbing%20%26%20Water%20Cleanup%20Dallas%20TX"
47,"Metro Flow Plumbing - Dallas Emergency Plumbers","plumber","(214) 328-7371","3730 Dilido Rd #422, Dallas, TX 75228, USA","Dallas",4.9,1335,"https://www.google.com/search?q=Metro%20Flow%20Plumbing%20-%20Dallas%20Emergency%20Plumbers%20Dallas%20TX"
48,"Milestone Electric, A/C, & Plumbing","plumber","(972) 616-4171","2360 Crist Rd Suite B900, Garland, TX 75040, USA","Dallas",4.9,1332,"https://www.google.com/search?q=Milestone%20Electric%2C%20A%2FC%2C%20%26%20Plumbing%20Dallas%20TX"
49,"Infinity Texas Air","plumber","(972) 734-1903","12025 Lewis Cir, Forney, TX 75126, USA","Dallas",4.9,1302,"https://www.google.com/search?q=Infinity%20Texas%20Air%20Dallas%20TX"
50,"billyGO Air Conditioning & Plumbing","plumber","(214) 267-9944","17430 Campbell Rd Suite 207, Dallas, TX 75252, USA","Dallas",4.7,1283,"https://www.google.com/search?q=billyGO%20Air%20Conditioning%20%26%20Plumbing%20Dallas%20TX"