Name,Phone,Trade,Rating,Reviews,Website,Address
"J&A Heating, Cooling, Plumbing, & Electrical","(412) 385-7911","plumber","4.8","4186","https://jandahvac.com/?utm_source=google-gbp&utm_medium=organic&utm_campaign=*135*j-a-west-mifflin","347 Lebanon Rd, West Mifflin, PA 15122, USA"
"Roto-Rooter Plumbing & Water Cleanup","(412) 781-3180","plumber","4.8","4062","https://www.rotorooter.com/pittsburgh/?utm_source=Google&utm_medium=organic&utm_campaign=gmb&utm_content=website","355 Fifth Ave Suite 733, Pittsburgh, PA 15222, USA"
"Sullivan Super Service","(412) 991-1630","plumber","4.8","3816","http://www.sullivanservice.com/?utm_source=GBP&utm_medium=organic","100 Purity Rd, Pittsburgh, PA 15235, USA"
"Gillece Services","(412) 219-6474","plumber","4.5","3785","http://www.gillece.com/","3000 Washington Pike, Bridgeville, PA 15017, USA"
"CALFO Home Services","(412) 650-4811","plumber","4.8","3167","https://calfohomeservices.com/?utm_source=gmb&utm_medium=organic&utm_campaign=gmbprofile","91 Terence Dr, Pittsburgh, PA 15236, USA"
"Mr. Rooter Plumbing of Pittsburgh","(412) 630-8369","plumber","4.8","2488","https://www.mrrooterpittsburgh.com/","301 Grant St #4300a, Pittsburgh, PA 15219, USA"
"PJ Fitzpatrick","(866) 928-3299","roofer","4.8","1879","https://www.pjfitz.com/?utm_source=googlemybusiness&utm_medium=organic&utm_campaign=googlemybusiness","141 Delta Dr Suite D, Pittsburgh, PA 15238, USA"
"Power Home Remodeling","(484) 483-6216","roofer","4.7","1465","https://powerhrg.com/","1325 Cherrington Pkwy Suite 300, Coraopolis, PA 15108, USA"
"Wahl Family Heating, Cooling & Plumbing","(412) 206-1922","plumber","4.8","1402","http://www.wahlheatingandcooling.com/","1 Willow Ave, Oakdale, PA 15071, USA"
"White Heating Inc","(412) 364-5003","gas-engineer","4.9","1398","https://www.whiteheating.com/?utm_source=google&utm_medium=organic&utm_campaign=gbp-profile","3467 Babcock Blvd, Pittsburgh, PA 15237, USA"
"Home Genius Exteriors","(412) 274-7298","roofer","4.7","1341","https://homegeniusexteriors.com/locations/pittsburgh-pa/?utm_source=google&utm_medium=organic&utm_campaign=pittsburgh-gmb&utm_content=website_button","324 4th St, Blawnox, PA 15238, USA"
"Resnick Roofing & Contracting","(412) 213-6535","roofer","4.9","1322","https://www.resnickroof.com/?utm_campaign=gmb&utm_medium=organic&utm_source=gmb","5320 William Flinn Hwy, Gibsonia, PA 15044, USA"
"Boehmer Heating & Cooling","(412) 550-4296","gas-engineer","4.8","1320","https://www.boehmerheating.com/?utm_source=gbp&utm_medium=organic","300 Hargrove St, Pittsburgh, PA 15226, USA"
"Armstrong Comfort Solutions","(724) 789-9100","plumber","4.9","1242","https://armstrongcomfort.com/","4693 Peoples Rd, Pittsburgh, PA 15237, USA"
"McVay Plumbing Heating & Cooling Company","(412) 206-6358","plumber","4.9","1120","https://www.mcvayplumbing.com/?utm_source=google+business+listing&utm_medium=organic&utm_campaign=click+to+website&utm_content=penn+hills","6421 Saltsburg Rd, Penn Hills Township, PA 15235, USA"
"Greater Pittsburgh Plumbing","(412) 223-2560","plumber","4.7","1111","http://www.greaterpghplumbing.com/","10263 Perry Hwy, Wexford, PA 15090, USA"
"One Hour Heating & Air","(412) 831-1922","gas-engineer","4.9","1068","https://www.onehourheatandair.com/pittsburgh/","5330 Progress Blvd, Bethel Park, PA 15102, USA"
"Mark Allen Service Experts","(412) 833-6304","plumber","4.8","1022","https://www.serviceexperts.com/bethel-park-pa?&utm_campaign=listing&utm_medium=organic_search&utm_source=gmb&utm_content=brand","4905 Library Rd, Bethel Park, PA 15102, USA"
"Big Fish Roofing","(724) 395-7630","roofer","4.9","1021","https://thebigfishco.com/?utm_campaign=gmb&utm_medium=gbp&utm_source=gbp","202 W Bridge Dr, Morgan, PA 15064, USA"
"TUDI Mechanical Systems","(412) 444-5349","electrician","4.8","1020","https://www.tudi.com/?utm_source=google&utm_medium=organic&utm_campaign=GMBListing-McKees-Rocks-PA","343 Munson Ave, McKees Rocks, PA 15136, USA"
"C W Electrical Services Inc","(412) 766-1446","electrician","4.9","992","https://cwelectricalservices.com/","3424 Babcock Blvd, Pittsburgh, PA 15237, USA"
"Restano Heating, Cooling & Plumbing","(412) 793-3190","gas-engineer","4.8","991","https://www.restano.com/locations/plum/?utm_source=google-gbp&utm_medium=organic&utm_campaign=*476*restano-pittsburgh","130 Anderson Ln, Pittsburgh, PA 15239, USA"
"Mr. Handyman of Northern Pittsburgh, South Hills, Moon","(724) 923-4377","plumber","4.8","921","https://www.mrhandyman.com/northern-pittsburgh/?utm_source=google&utm_medium=organic&utm_campaign=GMBListing-Pittsburgh-PA","1511 Parkway View Dr, Pittsburgh, PA 15205, USA"
"McClellands Contracting and Roofing, LLC","(412) 353-5660","roofer","4.9","891","https://mcclellandsroofing.com/","2 Industrial Park Dr, Oakdale, PA 15071, USA"
"McVay Plumbing, Heating & Cooling","(412) 206-1038","plumber","4.8","878","https://www.mcvayplumbing.com/?utm_source=google+business+listing&utm_medium=organic&utm_campaign=click+to+website&utm_content=lawrence","103 Freedom Dr #10, Lawrence, PA 15055, USA"
"Buccos Roofing","(724) 554-6224","roofer","4.9","863","https://www.buccosroofing.com/","5330 Enterprise Blvd, Bethel Park, PA 15102, USA"
"Coleman Mitchell Heating & Air Conditioning","(412) 221-2248","gas-engineer","5","842","https://colemanmitchell.com/?utm_source=google&utm_medium=organic&utm_campaign=GMBListing-Bridgeville-PA","186 Fawcett Church Rd, Bridgeville, PA 15017, USA"
"Mobile Locksmith of Pittsburgh","(412) 664-5995","locksmith","4.9","822","http://mobilelocksmithpgh.com/","3506 Main St, Munhall, PA 15120, USA"
"Roto-Rooter Plumbing & Water Cleanup","(412) 872-2854","plumber","4.9","784","https://www.rotorooter.com/upperstclairpa/?utm_source=Google&utm_medium=organic&utm_campaign=gmb&utm_content=website","1035 Boyce Rd Ste 220, Upper St Clair, PA 15241, USA"
"Denillo Heating & Cooling, Inc.","(412) 775-3970","gas-engineer","4.9","683","https://www.denillo.com/","2994 Industrial Blvd, Bethel Park, PA 15102, USA"
"Supreme Heating and Cooling","(412) 245-8964","electrician","5","606","https://supremeheatingandcooling412.com/?utm_source=google&utm_medium=organic&utm_campaign=gbp","1475 Frey Rd, Penn Hills Township, PA 15235, USA"
"Beverly Services","(412) 851-1000","plumber","4.7","600","https://www.beverlyservices.com/","3044 Industrial Blvd, Bethel Park, PA 15102, USA"
"Sureway Heating Cooling Plumbing","(412) 257-1300","plumber","4.9","597","https://www.surewaycomfort.com/?utm_source=google&utm_medium=organic&utm_campaign=gbp","341 Washington Ave, Bridgeville, PA 15017, USA"
"Stahl Plumbing, Heating & Air Inc","(412) 273-1000","plumber","4.6","581","https://stahlplumbingpittsburgh.com/","1924 McCague St, Pittsburgh, PA 15218, USA"
"Taggart Plumbing, LLC","(412) 207-3496","gas-engineer","4.8","561","https://taggartplumbing.com/?utm_source=Taggart+Pittsburgh+GBP&utm_medium=Taggart+Pittsburgh+GBP&utm_campaign=Taggart+Pittsburgh+GBP&utm_id=Taggart+Pittsburgh+GBP","1409 Duncan Ave Suite 205, Pittsburgh, PA 15237, USA"
"A-Comfort Service, Inc","(412) 743-8929","plumber","4.7","558","https://acomfortservice.com/?utm_source=GBP&utm_medium=organic","8600 Perry Hwy, Pittsburgh, PA 15237, USA"
"Duquesne Light Company","(888) 393-7100","electrician","1.4","531","https://www.duquesnelight.com/","411 Seventh Ave, Pittsburgh, PA 15219, USA"
"Benjamin Franklin Plumbing of Pittsburgh","(412) 318-4450","plumber","4.9","524","https://www.benjaminfranklinplumbing.com/pittsburgh/?utm_source=gbp&utm_medium=organic&utm_campaign=638346_-BF0024-","451 Rochester Rd, Pittsburgh, PA 15237, USA"
"South Side Plumbing & Heating","(412) 431-7455","plumber","4.8","512","https://www.southsideplumbingandheating.com/","95 S 20th St, Pittsburgh, PA 15203, USA"
"Murray Avenue Locksmith","(412) 422-2004","locksmith","4.6","494","http://murrayavelocksmith.com/","2004 Murray Ave, Pittsburgh, PA 15217, USA"
"Schultheis Bros. Heating, Cooling & Roofing","(412) 793-8000","gas-engineer","4.7","483","http://www.schultheisbros.com/?utm_source=google&utm_medium=organic&utm_campaign=directories","1001 Millers Ln, Pittsburgh, PA 15239, USA"
"WJ McNabb Plumbing","(412) 388-2607","plumber","4.9","483","https://mcnabbplumbing.com/?utm_source=local+organic&utm_medium=profile&utm_campaign=gbp","11 Tunl Wy, McKees Rocks, PA 15136, USA"
"Ireland Contracting LLC","(412) 492-7663","roofer","4.8","483","https://irelandcontracting.com/","1310 William Flinn Hwy, Glenshaw, PA 15116, USA"
"Sewer Flow - Pittsburgh Sewer & Drain Specialists And Plumbing","(412) 515-3569","plumber","4.9","467","http://sewerflowllc.com/","962 Brookline Blvd, Pittsburgh, PA 15226, USA"
"Jacob Heating and Cooling","(412) 407-7553","gas-engineer","4.9","460","http://www.jacobhvac.com/","1394 Frey Rd, Pittsburgh, PA 15235, USA"
"McVay Plumbing Heating Cooling","(412) 206-6352","electrician","4.9","457","https://www.mcvayplumbing.com/?utm_source=google+business+listing&utm_medium=organic&utm_campaign=click+to+website&utm_content=pittsburgh","501 Old Frankstown Rd, Pittsburgh, PA 15239, USA"
"MY Pittsburgh Roofing","(412) 218-7082","roofer","5","457","http://my-pittsburghroofing.com/","4560 McKnight Rd, Pittsburgh, PA 15237, USA"
"EAS Roofing","(412) 744-8084","roofer","4.7","426","https://www.thepittsburghroofer.com/","1201 William Flinn Hwy, Glenshaw, PA 15116, USA"
"Airpro Heating and Cooling","(800) 749-0642","gas-engineer","4.7","426","http://www.aphvac.com/","931 3rd St #200, Oakmont, PA 15139, USA"
"Chris Driscoll Plumbing","(412) 335-0408","plumber","5","425","https://www.chrisdriscollplumbing.com/","358 Wagon Wheel Trail, Wexford, PA 15090, USA"
"Gravener Heating & Air Conditioning","(412) 931-5000","gas-engineer","4.9","410","https://gravenerheating.com/","2311 Babcock Blvd, Pittsburgh, PA 15237, USA"
"Frew Plumbing Heating & Air Conditioning","(412) 761-5711","plumber","4.8","409","http://www.frewinc.com/","8315 Ohio River Blvd, Pittsburgh, PA 15202, USA"
"Revelation Plumbing","(412) 518-7170","plumber","4.9","390","https://www.revelation-plumbing.com/","120 Seville Ave, Pittsburgh, PA 15214, USA"
"South Hills Electric LLC","(412) 537-0687","electrician","4.6","389","https://southhillselectric.com/","321 Regis Ave, Pittsburgh, PA 15236, USA"
"Comfy Kozy® Heating Cooling Plumbing","(412) 829-1644","gas-engineer","4.9","384","https://www.comfykozy.com/?utm_source=google&utm_medium=organic&utm_campaign=gbp","1451 5th Ave, North Versailles Township, PA 15137, USA"
"Pine Creek Plumbing","(412) 213-6961","plumber","4.9","377","https://pinecreekplumbing.com/?utm_source=GBPlisting&utm_medium=organic","545 Pine Creek Rd, Wexford, PA 15090, USA"
"Woodruff and Smith Heating and Cooling, Inc.","(412) 376-4881","gas-engineer","4.9","372","https://www.woodruffandsmith.com/","4138 Library Rd, Pittsburgh, PA 15234, USA"
"Malick Brothers Exteriors LLC","(412) 616-0191","roofer","4.9","358","https://malickbrothersexteriors.com/","500 Perry Hwy, Pittsburgh, PA 15229, USA"
"Matt Mertz Plumbing, Inc.","(833) 789-9100","plumber","4","350","http://www.armstrongcomfort.com/?utm_source=google&utm_medium=organic&utm_campaign=GMB-pittsburgh","4693 Peoples Rd, Pittsburgh, PA 15237, USA"
"Climatech Inc.","(412) 921-8000","gas-engineer","4.8","322","http://www.climatech.com/","200 Bilmar Dr, Pittsburgh, PA 15205, USA"
"Kowalski Heating, Cooling, and Plumbing","(412) 952-5923","plumber","5","312","https://www.kowalskihcp.com/","531 Georgetown Rd, Lawrence, PA 15055, USA"
"King Electric","(412) 931-7600","electrician","4.9","309","http://www.kingelectricservice.com/","5300 Perrysville Rd, West View, PA 15229, USA"
"Lifetime Quality Roofing","(412) 324-7879","roofer","4.8","305","https://www.lifetimequalityroofing.com/locations/pittsburgh-pennsylvania/?utm_source=google&utm_medium=organic&utm_campaign=gmb&utm_content=pittsburgh-pennsylvania","200 Hightower Blvd Suite 301, Pittsburgh, PA 15205, USA"
"All Pro Plumbing Heating & Cooling","(412) 595-8204","plumber","4.9","297","https://www.allproplumbingpa.com/","5800 Library Rd, Bethel Park, PA 15102, USA"
"Krupp Whitney Plumbing","(412) 365-4383","plumber","4.8","281","http://kruppwhitneyplumbing.com/?utm_source=google&utm_medium=gmb","24 Ingram Ave, Pittsburgh, PA 15205, USA"
"Stahl Plumbing and Drain","(412) 709-8343","plumber","4.9","272","https://www.stahlplumbinganddrain.com/","325 Brownsville Rd, Pittsburgh, PA 15210, USA"
"Batteries Plus","(412) 207-8362","locksmith","4.5","266","https://www.batteriesplus.com/store-locator/pa/pittsburgh/batteries-plus-191?utm_source=gmb&utm_medium=local&utm_campaign=bpb&storecode=191","3912 Library Rd, Pittsburgh, PA 15234, USA"
"JP Roofing & Metal Buildings, Inc.","(412) 829-7711","roofer","4.3","263","https://jproofingandmetalbuildings.com/?utm_source=google&utm_medium=organic&utm_campaign=directories","1131 Lincoln Hwy, North Versailles Township, PA 15137, USA"
"412 Plumbing","(412) 320-1700","plumber","4.8","262","http://www.412plumbing.com/","7031 Highland Creek Dr, Bridgeville, PA 15017, USA"
"Prescott Roofing, Siding, Gutters & Masonry","(412) 991-2005","roofer","4.9","249","https://prescottroofing.com/?utm_campaign=gmb","20 W Noblestown Rd, Carnegie, PA 15106, USA"
"J.A. Sauer, Co. Heating & Air Conditioning","(412) 499-3770","gas-engineer","4.7","239","https://www.jasauerco.com/","4559 Peoples Rd, Pittsburgh, PA 15237, USA"
"Cirigliano Plumbing","(412) 618-1031","plumber","4.8","237","https://ciriglianoplumbingllc.com/?utm_source=Google&utm_medium=Organ&utm_campaign=GBPPleasantHillsPA","623 Torwood Ln, Pleasant Hills, PA 15236, USA"
"Empire Roofing & More","(412) 484-3528","roofer","4.9","236","https://www.empireroofingandmore.com/","2100 Legendary Ln, Allison Park, PA 15101, USA"
"Resnick Roofing & Contracting","(412) 946-8300","roofer","5","233","https://www.resnickroof.com/?utm_campaign=gmb","2857 Washington Rd, Canonsburg, PA 15317, USA"
"Metro Heating & Cooling","(412) 561-7330","gas-engineer","4.7","227","https://www.metroheatingcooling.com/","972 Banksville Ave, Pittsburgh, PA 15216, USA"
"Veteran Plumbing Services","(412) 557-1776","plumber","4.8","222","https://www.vpservicespa.com/","685 Glen Mitchell Rd, Sewickley, PA 15143, USA"
"JDC Heating & Cooling","(412) 478-8865","gas-engineer","4.9","215","https://jdchvac.com/","606 Liberty Ave Suite 300, Pittsburgh, PA 15222, USA"
"Batteries Plus","(412) 380-1388","locksmith","4.3","211","https://www.batteriesplus.com/store-locator/pa/pittsburgh/batteries-plus-186?utm_source=gmb&utm_medium=local&utm_campaign=bpb&storecode=186","3467 William Penn Hwy, Pittsburgh, PA 15235, USA"
"Jim Meyers & Son Plumbing, HVAC, Retail Store & Fixture Showroom","(412) 787-7805","plumber","4.7","211","http://meyersplumbingpittsburgh.com/","1561 Oakdale Rd, Oakdale, PA 15071, USA"
"Betlyn Heating & Cooling Inc","(412) 262-2111","gas-engineer","4.9","209","https://betlyns.com/","1144 Maple St Ext, Coraopolis, PA 15108, USA"
"PGX Heating And Cooling","(412) 992-8310","gas-engineer","5","208","https://www.pgxheatingandcooling.com/?utm_campaign=gmb","1328 W Sycamore St, Pittsburgh, PA 15211, USA"
"L.Cipriani Heating & Cooling Inc.","(412) 720-4962","gas-engineer","5","206","http://lciprianihvac.com/","3701 Walnut St, McKeesport, PA 15132, USA"
"G.I. Plumbing","(412) 754-7428","plumber","5","203","https://giplumbing.com/areas-served/wexford/","9800B McKnight Rd #102, McCandless, PA 15237, USA"
"Cuccaro Plumbing","(412) 819-2302","plumber","4.8","194","https://www.cuccaroplumbing.com/","7007 Kelly St, Pittsburgh, PA 15208, USA"
"Phillips Heating & Air Conditioning","(412) 431-6563","gas-engineer","4.7","193","https://phillipsheating.com/","1100 E Warrington Ave, Pittsburgh, PA 15210, USA"
"STA SO COOL HVAC","(412) 290-4980","plumber","4.9","186","http://www.stasocoolhvac.com/","304 Timber Ln, Sewickley, PA 15143, USA"
"Saints Roofing and Construction, LLC","(304) 780-7902","roofer","4.9","186","http://saintsconstruction.net/","1306 Washington Pike Suite 5, Bridgeville, PA 15017, USA"
"Apolinar Roofing","(412) 513-7257","roofer","5","181","http://www.apolinarroofing.com/","1111 Marlane Dr, Pittsburgh, PA 15227, USA"
"Cousins Roofing Siding & Decks","(724) 913-2665","roofer","5","174","https://www.cnsconstruction.io/?utm_campaign=gmb","2681 Sidney St #148, Pittsburgh, PA 15203, USA"
"Hoffner Heating and Air Conditioning","(412) 376-9080","gas-engineer","4.9","168","http://www.hoffnerheatingandair.com/","114 Mc Ginnis Ave, Pitcairn, PA 15140, USA"
"Sherlock's Locksmith","(412) 960-1250","locksmith","4.9","166","https://sherlockslocksmith.com/","549 Greenfield Ave, Pittsburgh, PA 15207, USA"
"HVAC Hernandez","(412) 377-3148","gas-engineer","4.9","165","https://hvachernandez.com/","4762 Library Rd, Bethel Park, PA 15102, USA"
"Titan HVAC Inc.","(412) 822-9579","gas-engineer","4.7","159","https://titanhvacinc.com/","4367 William Flinn Hwy, Allison Park, PA 15101, USA"
"A-1 Sewer Cleaning Specialists","(412) 664-4212","plumber","4.4","158","https://www.a1sewer.com/","850 Walnut St, McKeesport, PA 15134, USA"
"Gotcha Covered Contracting","(724) 581-8147","roofer","4.6","158","https://www.gccroofers.com/","6112 Steubenville Pike, McKees Rocks, PA 15136, USA"
"Rabbit Roofing LLC","(412) 512-4610","roofer","5","157","https://www.rabbitroofingcompany.com/","3412 Dauphin St, Pittsburgh, PA 15227, USA"
"May Heating & Air Conditioning","(412) 781-7026","gas-engineer","4.7","154","https://www.mayheating.com/?utm_source=google&utm_medium=organic&utm_campaign=gbp-profile","1490 Butler Plank Rd, Glenshaw, PA 15116, USA"
"Always Perfect Contracting Inc","(412) 475-2281","roofer","4.9","153","https://www.alwaysperfectcontracting.com/?utm_source=google&utm_medium=business_profile&utm_campaign=website","833 Becks Run Rd, Pittsburgh, PA 15210, USA"
"Miller Plumbing Heating Cooling Electric","(412) 725-0864","gas-engineer","4.2","150","https://www.millerplumbingheatingcooling.com/","3131 Library Rd, Pittsburgh, PA 15234, USA"
"RBK Enterprises Inc.","(412) 492-8123","roofer","4.9","149","http://www.rbkenterprisesinc.com/","3532 William Flinn Hwy, Allison Park, PA 15101, USA"
"R. Davis Mechanical","(412) 370-0464","gas-engineer","4.8","143","https://www.rdavismechanical.com/","1301 Brownsville Rd, Pittsburgh, PA 15210, USA"
"Parme Electric LLC","(412) 329-8853","electrician","4.9","142","https://www.parmeelectric.com/","1346 Silver Ln Suite 105, Coraopolis, PA 15108, USA"
"Knight & Day Plumbing Pittsburgh","(412) 887-5862","plumber","4.8","140","http://www.kndplumbing.com/","600 N Euclid Ave, Pittsburgh, PA 15206, USA"
"Hufnagel Electric","(412) 771-9473","plumber","4.9","136","http://www.hufnagelelectric.com/","26 Diebold Rd, McKees Rocks, PA 15136, USA"
"Baby Bird Electric, LLC","(412) 277-1003","plumber","4.9","134","https://www.babybirdelectric.com/","4250 Campbells Run Rd, Pittsburgh, PA 15205, USA"
"Edward L Kemp Co","(412) 673-7337","gas-engineer","4.8","133","https://elkemp.com/","410 W 5th Ave, McKeesport, PA 15132, USA"
"A Plus Roofing & Exteriors","(412) 515-5466","roofer","5","132","http://aplusroofingexteriors.com/","1373 McLaughlin Run Rd, Pittsburgh, PA 15241, USA"
"New Look Exteriors","(412) 899-1223","roofer","4.9","131","https://newlookexteriors.pro/?utm_source=google&utm_medium=organic&utm_campaign=gbp","451 Millers Run Rd Unit B, Morgan, PA 15064, USA"
"JRB Heating & Cooling LLC","(412) 901-4877","gas-engineer","4.9","129","http://www.jrbhvac.com/","206 9th St, McKeesport, PA 15132, USA"
"Mighty Dog Roofing of West Pittsburgh","(412) 899-2407","roofer","4.9","129","https://www.mightydogroofing.com/west-pittsburgh-pa","510 Washington Ave Suite 306, Carnegie, PA 15106, USA"
"Kaleb’s Kustom Plumbing LLC","(412) 694-3938","plumber","4.9","126","http://www.kalebskustomplumbing.com/","901 Stanhope St, Pittsburgh, PA 15204, USA"
"Admiral Heating and Cooling Company","(412) 885-1700","gas-engineer","4.5","123","https://www.admiralhvac.com/","3333 Library Rd, Pittsburgh, PA 15234, USA"
"Ventec Refrigeration","(412) 793-0661","gas-engineer","4.9","122","http://www.ventecrhvac.com/?utm_source=GBP&utm_medium=organic","2531 Universal Rd, Penn Hills Township, PA 15235, USA"
"Mooney Brothers Electricians","(412) 899-2855","electrician","4.8","122","","430 E 10th Ave #7300, Munhall, PA 15120, USA"
"Pro Home and Roofing","(412) 818-0289","roofer","5","121","http://proroofingpgh.com/","4290 Old William Penn Hwy, Monroeville, PA 15146, USA"
"AA Roofing","(724) 351-0488","roofer","5","119","https://www.aaroofingpgh.com/?utm_source=Google%20My%20Business&utm_medium=Organic%20Search","149 Houston St, Pittsburgh, PA 15223, USA"
"The Electrical Company LLC","(412) 722-6961","electrician","4.7","117","https://www.theelectricalcompanyllc.com/","255 Hill Rd, Oakdale, PA 15071, USA"
"Brickhaas Plumbing HVAC","(412) 206-1868","gas-engineer","4.8","116","https://www.brickhaas.com/","5622 Homeville Rd, West Mifflin, PA 15122, USA"
"East End Plumbing & Mechanical, Inc.","(412) 782-1944","plumber","4.9","114","http://www.eastendmechanical.com/","1028 Executive Dr, Gibsonia, PA 15044, USA"
"True Value Of Moon Township #67","(412) 832-1324","locksmith","4.5","112","https://busybeaver.com/stores/moon-township/?utm_source=google&utm_medium=organic&utm_campaign=gmb&utm_term=moon-township","1011 Beaver Grade Rd, Moon Township, PA 15108, USA"
"Ronnie Maier Heating & Air Conditioning, LLC","(724) 243-8588","gas-engineer","5","110","https://www.ronniemaierhvac.com/","14 Hawley Ave, Bellevue, PA 15202, USA"
"McChesney Lueck Roofing, LLC","(412) 254-4998","roofer","4.9","110","https://www.mcchesneylueckroofing.com/","5642 Steubenville Pike, McKees Rocks, PA 15136, USA"
"Alan Construction LLC","(412) 954-8337","roofer","4.9","109","https://alanconstructionpgh.com/","4314 Stanley St, Pittsburgh, PA 15207, USA"
"Burke Electric","(412) 262-1617","electrician","4.9","106","https://www.burkeelectriccompany.com/","770 Thorn Run Rd, Coraopolis, PA 15108, USA"
"Camden & Sons Water Heaters","(412) 910-1664","gas-engineer","4.9","104","","2260 Lebanon Church Rd #5700, West Mifflin, PA 15122, USA"
"Salco Roofing and Seamless Gutters","(412) 609-4516","roofer","5","102","https://salcoseamlessgutters.com/","400 Railroad St building 3, Pittsburgh, PA 15235, USA"
"Pittsabana Roofing","(412) 207-7661","roofer","4.9","101","https://www.pittsabana.com/","4041 Library Rd Suite 300, Castle Shannon, PA 15234, USA"
"DeLuca Roofing, LLC","(412) 241-1643","roofer","4.7","101","https://www.delucaroofingllc.com/?utm_campaign=gmb","215 Bessemer Ave, East Pittsburgh, PA 15112, USA"
"B.E.T. Plumbing LLC","(412) 733-6355","plumber","5","100","","121 Ingram Ave, Pittsburgh, PA 15205, USA"
"KeyMe Locksmiths","(412) 991-1089","locksmith","4.4","99","https://key.me/partners/walmart/kiosks/pennsylvania/west-mifflin/west-mifflin/locksmith-key-copy-west-mifflin-walmart-15122-pennsylvania","2351 Century Dr, West Mifflin, PA 15122, USA"
"Absolute Heating & Air","(412) 561-9604","gas-engineer","4.9","99","https://goabsoluteair.com/hvac-contractor-pittsburgh-pa/?utm_source=google&utm_medium=gbp","1328 Chartiers Ave, Pittsburgh, PA 15220, USA"
"Hampton Mechanical Inc","(412) 212-3831","gas-engineer","4.8","98","https://hamptonmechanicalincpa.hibuwebsites.com/","4720 High Point Dr, Gibsonia, PA 15044, USA"
"Craft Heating Company","(412) 921-6995","gas-engineer","4.4","97","http://www.craftheating.com/","31 Noble Ave, Pittsburgh, PA 15205, USA"
"D R Sevacko Plumbing","(412) 921-3505","plumber","4","97","","100 Foster Ave, Pittsburgh, PA 15205, USA"
"Fagnelli Plumbing Heating & Cooling","(412) 212-2323","plumber","4.2","96","https://www.fagnelli.com/","2852 Boulevard of the Allies, Pittsburgh, PA 15213, USA"
"Vince Marino Plumbing, LLC","(412) 682-6733","plumber","4.7","96","http://www.vincemarinoplumbingllc.com/","3324 Dawson St, Pittsburgh, PA 15213, USA"
"TopNotch Heating & Air","(412) 381-0598","gas-engineer","4","96","https://topnotchair.com/?utm_campaign=GBlisting","720 Woodbridge Dr, Oakdale, PA 15071, USA"
"Sarasnick's Hardware","(412) 221-5711","locksmith","4.4","96","https://stores.truevalue.com/pa/bridgeville/2045","512 Washington Ave, Bridgeville, PA 15017, USA"
"Baker Sales & Service","(412) 486-7727","gas-engineer","4","95","http://bakerservicesinc.com/","968 William Flinn Hwy, Glenshaw, PA 15116, USA"
"Dr. Roofer","(412) 239-8671","roofer","5","94","https://www.dr-roofer.com/","229 Houston Rd, Pittsburgh, PA 15237, USA"
"R&B Roofing and Remodeling","(412) 284-6831","roofer","4.6","92","https://randbroofing.com/","608 Ohio River Blvd, Avalon, PA 15202, USA"
"Triangle Air Conditioning Co., Inc.","(412) 257-2677","gas-engineer","4.9","91","http://www.triangleairconditioning.com/","1810 Main St, Bridgeville, PA 15017, USA"
"John Haughey & Sons Plumbing","(412) 678-6382","gas-engineer","4.8","90","https://www.haugheyplumbing.com/","2513 Grandview Ave, McKeesport, PA 15132, USA"
"Kenmawr True Value Hardware","(412) 771-6260","locksmith","4.2","90","https://stores.truevalue.com/pa/mc-kees-rocks/14006","540 Pine Hollow Rd, McKees Rocks, PA 15136, USA"
"Multiple Solutions Pittsburgh","(412) 500-9518","electrician","4.9","89","http://www.mspittsburgh.com/","1222 Dormont Ave, Pittsburgh, PA 15216, USA"
"LINC Roofing and Contracting LLC","(814) 475-1877","roofer","4.8","88","https://linc-roofing.com/","500 Huntington Ave Suite 210, Pittsburgh, PA 15202, USA"
"Vogt True Value Hardware","(412) 488-3399","locksmith","4.7","88","https://stores.truevalue.com/pa/pittsburgh/19502","1308 E Carson St, Pittsburgh, PA 15203, USA"
"Forest Knoll Construction","(412) 932-3095","roofer","4.2","88","https://www.forestknollconstruction.com/","4885A McKnight Rd Suite 195, Pittsburgh, PA 15237, USA"
"Hvac Service Express","(724) 590-9204","electrician","1.8","87","","5328 William Flinn Hwy, Gibsonia, PA 15044, USA"
"Proudfoot Plumbing, Heating and Air","(412) 461-2198","plumber","4.8","87","https://proudfoot-services.com/","229 W 8th Ave, West Homestead, PA 15120, USA"
"5-Star Air and Plumbing","(412) 432-6240","plumber","4.8","87","https://www.bbb.org/scamtracker","321 Pennwood Ave Suites 201 A and 210, Pittsburgh, PA 15221, USA"
"Dipaola Quality Climate Control Heating, AC, & Plumbing Repair","(724) 305-3152","plumber","4.9","85","https://dipaolaheating.com/?utm_source=google&utm_medium=organic&utm_campaign=gmb","3229 W Liberty Ave suite 203, Pittsburgh, PA 15216, USA"
"Duda HVAC LLC","(724) 554-3408","gas-engineer","5","84","https://www.dudahvac.com/","544 Camp Hollow Rd, West Mifflin, PA 15122, USA"
"North Hills Lock & Safe","(412) 369-7776","locksmith","4.6","82","https://www.northhillslockandsafe.com/","962 Perry Hwy, Pittsburgh, PA 15237, USA"
"KeyMe Locksmiths","(412) 790-2723","locksmith","4.8","82","https://key.me/kiosks/pennsylvania/west-mifflin/west-mifflin/locksmith-key-copy-west-mifflin-giant-eagle-15122-pennsylvania","1356 Hoffman Blvd, West Mifflin, PA 15122, USA"
"Craig Gouker Roofing","(412) 664-7679","roofer","4.9","81","https://www.craiggoukerroofing.com/","4001 Clairton Rd, West Mifflin, PA 15122, USA"
"Holzer Jesko Quality Exteriors","(412) 387-7785","roofer","4.8","80","https://www.holzerjesko.com/","1901 Washington St, Carnegie, PA 15106, USA"
"THIR HEATING & COOLING","(412) 673-8238","gas-engineer","5","80","","405 Monongahela Ave, Glassport, PA 15045, USA"
"Awesome Electrical Services","(855) 755-9557","electrician","5","78","https://www.awesomeelectricalservices.com/","51 Tunl Wy, McKees Rocks, PA 15136, USA"
"Penn Hills Lock & Door","(412) 793-3224","locksmith","4.7","77","","472 Wildwood Ave, Verona, PA 15147, USA"
"Renaissance Electric & Power Systems","(888) 681-9473","electrician","5","77","http://www.lightuppittsburgh.com/","370 Castle Shannon Blvd Unit 10396, Pittsburgh, PA 15234, USA"
"Yinzer Roofing and Contracting","(412) 852-3628","roofer","4.9","77","http://yinzerroofing.com/","27 Fairview Rd, Pittsburgh, PA 15221, USA"
"KeyMe Locksmiths","(412) 790-2281","locksmith","4.5","77","https://key.me/partners/walmart/kiosks/pennsylvania/north-versailles/north-versailles/locksmith-key-copy-north-versailles-walmart-15137-pennsylvania","100 Walmart Dr, North Versailles Township, PA 15137, USA"
"Restano Heating, Cooling & Plumbing","(412) 793-8330","plumber","4.7","76","https://www.restano.com/locations/penn-hills/?utm_source=google-gbp&utm_medium=organic&utm_campaign=*480*restano-pittsburgh","2826 Main St, Pittsburgh, PA 15235, USA"
"LightWork L.L.C.","(412) 301-3171","electrician","4.9","76","http://www.lightworkpgh.com/","S Braddock Ave, Pittsburgh, PA 15218, USA"
"Thomas Lily Plumbing","(412) 889-5909","plumber","4.9","76","http://www.thomaslilyplumbing.com/","235 Oakview Ave, Pittsburgh, PA 15218, USA"
"Comfy Kozy®️ Heating Cooling Plumbing","(412) 829-4644","plumber","4.9","76","https://www.comfykozy.com/","907 West St #129, Pittsburgh, PA 15221, USA"
"Staab & Sons, Inc.","(412) 881-6100","gas-engineer","4.5","76","https://staabheating.com/","1921 Saw Mill Run Blvd, Pittsburgh, PA 15210, USA"
"Tedeschi Plumbing Services","(412) 486-1299","plumber","4.9","72","http://www.tedeschiplumbing.com/contact-us/","3812 William Flinn Hwy, Allison Park, PA 15101, USA"
"The Exterior Company","(724) 765-8054","roofer","4.7","71","http://www.theexteriorcompany.com/","4850 McKnight Rd, Pittsburgh, PA 15237, USA"
"Zoom Drain","(412) 910-2124","plumber","4.8","71","https://www.zoomdrain.com/pittsburgh","119 Ormsby Ave, Pittsburgh, PA 15210, USA"
"Perfect Roofing & Siding","(412) 727-0000","roofer","4.9","68","https://www.perfectroofingsiding.com/","2000 Cliff Mine Rd, Coraopolis, PA 15108, USA"
"Three Rivers Roofing","(412) 221-9550","plumber","4.7","68","http://www.threeriversroofing.com/","3561 Valley Dr, Castle Shannon, PA 15234, USA"
"Rick Hartman Plumbing","(412) 556-1576","plumber","4.8","68","https://www.rickhartmanplumbing.com/","333 Rochester Rd, Pittsburgh, PA 15237, USA"
"Nathan & Sons Electricians","(412) 850-2587","electrician","4.7","67","","100 Graham St #5500, McKees Rocks, PA 15136, USA"
"Cabrera & Sons Heating & Air Conditioning","(412) 284-9300","gas-engineer","4.8","67","https://cabrerasonsroofingconstruction.com/pittsburgh-pa-2/","721 Providence Blvd, Pittsburgh, PA 15237, USA"
"TLC Roofing LLC","(412) 891-8942","roofer","5","66","https://www.tlcroofingpgh.com/","421 Regis Ave, Pittsburgh, PA 15236, USA"
"Pawlak Plumbing LLC","(412) 356-8400","plumber","4.5","65","https://www.pawlakplumbing.com/","2601 McNeilly Rd, Pittsburgh, PA 15226, USA"
"RickJohn Roofing","(412) 906-1571","roofer","4.3","65","http://www.rickjohn.com/","1006 Washington Blvd, Pittsburgh, PA 15206, USA"
"FlyLock","(800) 649-5397","locksmith","4.4","65","https://flylock.com/locations/pittsburgh/?utm_source=Google&utm_medium=Listing&utm_campaign=PITTSBURGH","6 E Main St, Carnegie, PA 15106, USA"
"Blockbuster Roofing","(412) 273-0013","roofer","5","65","http://blockbusterroofing.com/","1891 Painters Run Rd, Pittsburgh, PA 15241, USA"
"Weaver's Plumbing","(724) 323-5692","plumber","5","64","http://www.weaversplumbing.org/","314 Washington Ave, Dravosburg, PA 15034, USA"
"Mars Wholesale Supply","(412) 672-6088","gas-engineer","4.8","64","","1307 Walnut St, McKeesport, PA 15132, USA"
"Romea & Son Heating & Air Conditioning","(412) 487-8396","gas-engineer","4.8","62","http://www.romeahvac.com/","1302 Middle Rd, Glenshaw, PA 15116, USA"
"Lionheart Roofing LLC","(412) 709-2434","roofer","4.8","62","http://www.lionheartroofs.com/","533 Washington Ave Suite 100A, Bridgeville, PA 15017, USA"
"365 Climate LLC Heating","(412) 522-6916","gas-engineer","5","62","","220 Kenmar Dr, Monroeville, PA 15146, USA"
"Burns & Scalo Roofing","(412) 928-3060","roofer","3.9","62","https://www.burns-scalo.com/","22 Rutgers Rd, Pittsburgh, PA 15205, USA"
"MRT HVAC Contracting","(412) 651-1266","gas-engineer","5","61","https://www.mrtpgh.com/","1756 W Liberty Ave, Pittsburgh, PA 15226, USA"
"Poillucci Plumbing, Inc.","(412) 782-5050","gas-engineer","4.3","60","","5155 Butler St, Pittsburgh, PA 15201, USA"
"McCormicks Heating & Cooling, LLC","(412) 278-1800","gas-engineer","4.9","60","http://www.mccormicksheating.com/","535 Clever Rd Rear, McKees Rocks, PA 15136, USA"
"Saunders Heating & AC, LLC.","(412) 368-8791","gas-engineer","4.9","59","https://www.saundershvac.com/","542 Duquesne Ave, West Mifflin, PA 15122, USA"
"Shield Roofing & Construction LLC","(412) 550-0376","roofer","4.9","59","http://shieldroofing.biz/","1306 Washington Pike, Bridgeville, PA 15017, USA"
"Skye Restoration","(844) 553-1952","roofer","5","57","http://skyerestoration.com/","31 Westchester Ct, McKees Rocks, PA 15136, USA"
"Safe & Sound Roofing","(412) 983-2900","roofer","4.6","57","https://safesoundroofing.com/","1202 Varner Rd, Pittsburgh, PA 15227, USA"
"KeyMe Locksmiths","(412) 851-6385","locksmith","4.2","57","https://key.me/partners/walmart/kiosks/pennsylvania/pittsburgh/pittsburgh/locksmith-key-copy-pittsburgh-walmart-15275-pennsylvania","250 Summit Park Dr, Pittsburgh, PA 15275, USA"
"Ok Rotor Drain Cleaning Pittsburgh","(412) 519-6108","plumber","4.9","56","https://okrotorpittsburgh.com/","2015 Babcock Blvd, Pittsburgh, PA 15209, USA"
"Orie Plumbing","(412) 771-7586","plumber","4.8","55","https://www.orieplumbing.com/","1190 Island Ave, McKees Rocks, PA 15136, USA"
"Tectum Quality Roofing","(412) 512-5824","roofer","4.9","55","https://www.tectumqualityroofing.com/","123 Hetherton Dr, Pittsburgh, PA 15237, USA"
"Nicholas Electric Co","(412) 271-8001","electrician","4.8","54","http://www.nicholaselectric.com/","525 Duquesne St Rear, Rankin, PA 15104, USA"
"Royal Fox Roofing","(412) 834-0133","roofer","4.7","54","http://www.royalfoxroofing.com/","5852 Library Rd, Bethel Park, PA 15102, USA"
"G.S. Jones Restoration Consulting","(412) 866-1056","plumber","4.4","54","https://www.gsjonesrestoration.com/","8347 Ohio River Blvd, Pittsburgh, PA 15202, USA"
"KeyMe Locksmiths","(412) 419-3958","locksmith","4.6","52","https://key.me/kiosks/pennsylvania/bethel-park/bethel-park/cut-keys-bethel-park-pa","5055 Library Rd Suite 5, Pittsburgh, PA 15220, USA"
"Danlovich Electric","(412) 526-9761","electrician","5","52","","2608 B St, McKeesport, PA 15133, USA"
"Nick Letters Home Improvements LLC.","(412) 781-4667","roofer","5","52","http://www.nicklettersroofing.com/","1275 Main St, Pittsburgh, PA 15215, USA"
"Just Electric","(412) 377-3506","electrician","4.8","51","https://pittsburghelectrician.org/","400 Railroad St building 2 garage 3 ste 5, Pittsburgh, PA 15235, USA"
"Briggs Electric","(412) 498-4979","electrician","5","51","http://www.pittsburghelectrician.biz/","1597 Washington Pike A38-125, Bridgeville, PA 15017, USA"
"Richards Superior Remodeling LLC","(412) 626-1785","roofer","4.9","50","http://www.richardssuperiorremodelingllc.com/","249 Edgewood Ave #1083, Pittsburgh, PA 15218, USA"
"Campagna Plumbing Inc","(724) 941-8180","plumber","4.8","49","http://campagnaplumbing.com/","419 Thompsonville Rd, McMurray, PA 15317, USA"
"Restano Heating, Cooling & Plumbing","(412) 487-5232","gas-engineer","4.8","49","https://www.restano.com/?utm_source=google-gbp&utm_medium=organic&utm_campaign=*478*restano-allisonpark","3880 State Hwy 8, Allison Park, PA 15101, USA"
"Powerhouse Home Improvements","(724) 979-7663","roofer","4.9","49","https://powerhouseroofs.com/","1525 Park Manor Blvd #285, Pittsburgh, PA 15205, USA"
"Six Star Heating and Cooling Inc.","(412) 880-7827","gas-engineer","5","47","https://sixstarhvac.com/","1264 Hope Hollow Rd, Carnegie, PA 15106, USA"
"American Leak Detection of Pittsburgh","(412) 859-6000","plumber","4.4","47","https://www.americanleakdetection.com/pittsburgh/","2010 State Ave, Coraopolis, PA 15108, USA"
"Pitt Roofing","(412) 206-1055","roofer","4.9","46","http://pittroofing.com/","309 Linden Ave, Pittsburgh, PA 15215, USA"
"Buccos Roofing","(724) 587-6970","roofer","5","46","https://buccosroofing.com/green-tree-roofing-company/","651 Holiday Drive, Foster Plaza 5, # 300, Pittsburgh, PA 15220, USA"
"AG Plumbing and Drain Cleaning PA LLC","(412) 295-2625","plumber","4.6","46","https://ag-plumbing.com/","6564 Frankstown Ave, Pittsburgh, PA 15206, USA"
"A&P Furnace Co","(412) 664-7551","gas-engineer","4.7","46","http://apfurnaceco.com/","3440 5th Ave, North Versailles Township, PA 15137, USA"
"Werth-Aire","(412) 701-8007","gas-engineer","4.9","45","https://pittsburghheatingrepair.com/","8361 Perry Hwy #15237, Pittsburgh, PA 15237, USA"
"Ted Thompson Heating and Cooling","(412) 343-0521","gas-engineer","4.9","45","https://tedthompsonhvac.com/","1245 Tennessee Ave, Pittsburgh, PA 15216, USA"
"Pro Plumbers & Drain services of Pittsburgh","(412) 201-0474","plumber","5","44","https://prosplumbers.com/","5338 Kincaid St, Pittsburgh, PA 15224, USA"
"South Hills Plumbing & Heating","(412) 294-9031","plumber","4.3","44","https://www.southhillsplumbing.com/","3049 Sussex Ave, Pittsburgh, PA 15226, USA"
"S&L Remodeling","(412) 628-9717","roofer","4.9","44","https://sandlremodelingllc.com/","428 Mifflin St, West Mifflin, PA 15122, USA"
"Impact HVAC","(412) 297-1852","gas-engineer","4.6","43","","3235 W Liberty Ave, Pittsburgh, PA 15216, USA"
"Home Mechanix","(412) 223-7730","gas-engineer","4.8","43","https://home-mechanix.com/","8878 Covenant Ave #223, Pittsburgh, PA 15237, USA"
"DeMonte Contracting","(412) 728-1561","plumber","4.9","43","https://www.demontecontracting.com/","407 North St, Springdale, PA 15144, USA"
"Patrick Chase Plumbing","(412) 561-3624","plumber","4.7","42","https://patrickchaseplumbing.net/","2102 Pauline Ave, Pittsburgh, PA 15216, USA"
"KeyMe Locksmiths","(412) 424-6971","locksmith","3.7","42","https://key.me/kiosks/pennsylvania/pittsburgh/southside-pittsburgh/make-keys-southside-pittsburgh-pa","2021 Wharton St, Pittsburgh, PA 15203, USA"
"Mertz Plumbing & Heating","(412) 364-1690","plumber","4.5","41","http://mertzplumbing.com/","3349 Babcock Blvd, Pittsburgh, PA 15237, USA"
"Park Plumbing","(412) 461-4224","gas-engineer","4.4","41","","2348 Vondera St, Munhall, PA 15120, USA"
"Jaros Plumbing","(412) 440-3041","plumber","5","41","https://jarosplumbing.wixsite.com/jarosplumbing","33 Gary St, Carnegie, PA 15106, USA"
"Gotto Electric LLC","(412) 527-9956","electrician","5","41","https://www.gottoelectric.com/","614 5th Ave, Coraopolis, PA 15108, USA"
"Vido's Heating & Cooling LLC","(412) 773-9027","gas-engineer","4.7","41","https://www.vidosheatingandcoolingllc.com/","800 Market St, McKeesport, PA 15132, USA"
"Don Bigley Plumbing Co. Inc.","(412) 276-2736","plumber","4.6","40","http://donbigleyplumbing.com/","34 Mitchell Dr, Carnegie, PA 15106, USA"
"Smith Brothers Electricians","(412) 674-0018","electrician","4.8","39","","301 Millbridge St, Pittsburgh, PA 15210, USA"
"Davey Plumbing LLC","(412) 341-0921","plumber","4.2","39","http://www.daveyplumbingpittsburgh.com/","1641 Saw Mill Run Blvd, Pittsburgh, PA 15210, USA"
"RG Electrical LLC","(412) 733-8073","electrician","4.8","39","","617 W Main St, Carnegie, PA 15106, USA"
"A Pittsburgh Plumber LLC","(412) 341-7586","plumber","4.6","39","http://apittsburghplumber.com/","3357 Wallace Dr, Pittsburgh, PA 15227, USA"
"Scott Electric Lawrenceville","(412) 687-5000","electrician","4.4","38","http://www.scottelectricusa.com/","24 39th St, Pittsburgh, PA 15201, USA"
"B C Electric","(412) 824-7555","electrician","4.3","38","http://bc-electric.net/","469 Patton St, Wilmerding, PA 15148, USA"
"Roofing Solutions Plus","(412) 477-6089","roofer","4.7","38","https://roofingsolutionspittsburgh.com/","2626 Tunnel Blvd Apartment 525, Pittsburgh, PA 15203, USA"
"KeyMe Locksmiths","(412) 426-3297","locksmith","4.4","37","https://key.me/kiosks/pennsylvania/monroeville/monroeville/make-keys-monroeville-pa","4010 Monroeville Blvd, Monroeville, PA 15146, USA"
"Restano Heating, Cooling & Plumbing","(412) 653-2150","plumber","4.4","37","https://www.restano.com/locations/west-mifflin/?utm_source=google-gbp&utm_medium=organic&utm_campaign=*479*restano-westmifflin","1328 Lebanon Church Rd, West Mifflin, PA 15236, USA"
"Jeffco Enterprises","(412) 221-4153","plumber","4.9","37","https://jeffcoservices.com/","717 Millers Run Rd, McDonald, PA 15057, USA"
"R. H. Barkley Heating & Air Conditioning LLC","(412) 466-2005","gas-engineer","4.5","37","https://rhbhvac.com/","512 St Clair Ave, Clairton, PA 15025, USA"
"Junction Climate Control","(724) 274-0633","plumber","4.2","37","http://junctioncc.com/","1103 Freeport Rd, Cheswick, PA 15024, USA"
"Kwiatkowski Plumbing","(412) 653-1231","plumber","4","36","https://www.pittsburghplumbingservices.com/","1338 Streets Run Rd, Pittsburgh, PA 15236, USA"
"ZC Willis Heating & Cooling","(724) 747-7977","gas-engineer","4.8","35","http://www.zcwillishvac.com/","540 Millers Run Rd, Morgan, PA 15064, USA"
"LEAK ID, LLC","(412) 651-8495","plumber","4.9","35","https://leakidsolutions.com/?utm_source=Google&utm_medium=GMB&utm_campaign=GMB_List","3313 Parkview Ave, Pittsburgh, PA 15213, USA"
"Sargent Electric Company","(412) 391-0588","electrician","3.9","35","https://sargentelectric.com/","2740 Smallman St 4th Floor, Pittsburgh, PA 15222, USA"
"Christy Plumbing & Heating Co","(412) 367-3545","plumber","4.1","35","http://www.christyplumbing.com/","3350 Babcock Blvd, Pittsburgh, PA 15237, USA"
"Spec Electric Company, LLC","(412) 337-5560","electrician","4.6","34","http://www.specelectriccompany.com/","4788 Prescot Dr, Bethel Park, PA 15102, USA"
"JT ELECTRIC HEATING & COOLING","(412) 628-0147","electrician","4.6","34","https://www.facebook.com/THE24hr.electrician","3018 Elroy Ave, Pittsburgh, PA 15227, USA"
"Heirloom Mechanical","(412) 889-6800","gas-engineer","5","34","https://www.heirloommechanical.com/","2400 Washington Blvd, Glassport, PA 15045, USA"
"Cameron Property Solutions Llc","(412) 719-4216","gas-engineer","5","34","https://www.cameronpropertysolutions.com/","Pittsburgh, PA 15237, USA"
"AK Gutters","(412) 360-9099","roofer","5","34","https://sites.google.com/view/akgutters/home","2008 Crafton Blvd, Pittsburgh, PA 15205, USA"
"KeyMe Locksmiths","(412) 501-9901","locksmith","3.8","33","https://key.me/partners/walmart/kiosks/pennsylvania/carnegie/carnegie/locksmith-key-copy-carnegie-walmart-15106-pennsylvania","2200 Washington Pike, Carnegie, PA 15106, USA"
"C & S Locksmith Services","(412) 889-5120","locksmith","5","32","http://www.cslocksmithservices.com/","402 Euclid St, McKeesport, PA 15132, USA"
"Pnp Heating & Air Conditioning","(412) 269-0149","gas-engineer","3.4","31","","1315 Coraopolis Heights Rd, Moon Township, PA 15108, USA"
"Hruska Plumbing, Heating & Air, Inc","(412) 533-4471","gas-engineer","4.1","31","https://www.hruskaplumbingheating.com/","1811 McClure St, Homestead, PA 15120, USA"
"KeyMe Locksmiths","(412) 968-8177","locksmith","4","31","https://key.me/kiosks/pennsylvania/homestead/e-waterfront-dr/make-keys-e-waterfront-dr-pa","420 E Waterfront Dr, Homestead, PA 15120, USA"
"ICP Roofing","(412) 944-8263","roofer","5","31","https://icproofing.com/","1100 Saw Mill Run Blvd, Pittsburgh, PA 15226, USA"
"Aspen Exteriors, Inc. Pittsburgh","(412) 284-6200","roofer","4.8","30","https://www.aspenexteriors.com/?utm_source=google&utm_medium=organic&utm_campaign=gbp&utm_content=pittsburgh","900 Commerce Dr STE 906, Coraopolis, PA 15108, USA"
"Gutter Pro LLC","(412) 596-2164","roofer","5","30","https://gutterprollc.com/","815 Deerfield Cir, Wexford, PA 15090, USA"
"A-Team Plumbing And Sewer Cleaning","(412) 672-6949","plumber","4.7","29","http://www.ateamplumbingsewer.net/","2700 Washington Blvd, McKeesport, PA 15133, USA"
"Toth Roofing Inc","(412) 826-1133","roofer","4.9","29","http://tothroofing.com/","434 Allegheny River Blvd #200, Oakmont, PA 15139, USA"
"North Contracting & Roofing","(412) 517-2561","roofer","4.9","29","https://www.northcontractingllc.com/","8108 Ohio River Blvd, Pittsburgh, PA 15202, USA"
"Dawson Electric, LLC","(412) 780-9671","electrician","4.7","29","http://www.electricdawson.com/","662 Maple Ln, Sewickley, PA 15143, USA"
"Macioce's Heating & Cooling","(412) 831-6182","gas-engineer","4.7","29","https://rymaps.xyz/business/macioces-heating-cooling-ow6od9","5147 Brightwood Rd, Bethel Park, PA 15102, USA"
"Pittsburgh Heating & Cooling","(412) 284-7125","gas-engineer","4","29","","2101 Wharton St, Pittsburgh, PA 15203, USA"
"Pro Touch Handyman LLC","(412) 419-7785","roofer","5","28","https://pt-handyman.com/","9824 Presidential Dr, Allison Park, PA 15101, USA"
"Oaks Roofing & Siding","(412) 887-6257","roofer","4.9","28","https://oaksroofingandsiding.com/contact/","322 N Shore Dr Building 1B, suite 200, Pittsburgh, PA 15212, USA"
"Welte Roofing Inc.","(412) 341-9400","roofer","3.8","28","http://www.welteroofing.com/","535 McNeilly Rd, Pittsburgh, PA 15226, USA"
"Weidner Heating & Air Conditioning Inc","(412) 931-7300","gas-engineer","4.3","28","https://www.weidnerheat.com/","185 Perry Hwy #1801, Pittsburgh, PA 15229, USA"
"CMA Plumbing & Excavating LLC","(412) 251-7602","plumber","5","28","http://www.cmaplumbing.net/","117 Fuehrer Rd, Elizabeth, PA 15037, USA"
"Precision Heating & Cooling Services, LLC","(412) 526-3762","gas-engineer","5","27","https://www.precisionhvac412.com/","1401 Frey Rd, Pittsburgh, PA 15235, USA"
"Barber's Mechanical Service LLC","(724) 630-0498","gas-engineer","5","27","","105 Rivercrest Dr, Coraopolis, PA 15108, USA"
"KeyLab - 24/7 Mobile Locksmith Services","(412) 256-8282","locksmith","5","27","http://pittsburghlocksmith247.com/","1432 Village Green Dr, Jefferson Hills, PA 15025, USA"
"Dr. Electric","(412) 559-5480","electrician","4.9","27","","2175 Grandview Ave, Monroeville, PA 15146, USA"
"Reliable Pro Plumbing and Excavating LLC.","(412) 546-8129","plumber","4.2","27","","180 Curry Hollow Rd suite f, Pittsburgh, PA 15236, USA"
"Pittsburgh Comfort Tech Inc","(412) 788-8654","gas-engineer","4.6","27","https://pittsburghcomforttech.com/","7235 Steubenville Pike, Oakdale, PA 15071, USA"
"AJ Buerkle Plumbing Heating & Air Conditioning","(412) 531-4456","plumber","4.1","27","https://www.ajbuerkle.com/","41 McMurray Rd, Pittsburgh, PA 15241, USA"
"Ride the Lightning Electric","(412) 499-1831","electrician","5","26","","153 Russellton-Dorseyville Rd, Cheswick, PA 15024, USA"
"Beasley Plumbing Inc","(412) 271-9293","plumber","4.2","25","https://www.beasleyplumbinginc.com/","7310 Burton St Rear, Pittsburgh, PA 15218, USA"
"CA Heating & Cooling LLC","(412) 612-0620","gas-engineer","5","25","https://www.cahvacservice.com/","2828 Broadway Blvd Suite 2, Monroeville, PA 15146, USA"
"Pittsburgh Plumbing and Sewers","(412) 844-2330","plumber","4.2","25","http://pghplumbingandsewers.com/","1300 Streets Run Rd, West Mifflin, PA 15236, USA"
"Gumpher Electrical Service","(412) 275-6108","electrician","4.4","25","https://www.gumpherinc.com/","630 5th Ave, East McKeesport, PA 15035, USA"
"The Roof Kings","(412) 746-5464","roofer","4.6","25","http://g.page/r/CVT6K1v8tsysEBM/review","455 Salvini Dr, Pittsburgh, PA 15243, USA"
". Clifford R Keough Plumbing, Heating and Air Conditioning, LLC","(412) 271-7770","plumber","4.5","24","http://www.keoughplumbingheating.com/","225 McKinley Ave, Pittsburgh, PA 15221, USA"
"Dr. Freeze Cooling and Heating LLC","(412) 733-6386","gas-engineer","5","24","https://drfreezellc.com/","2718 California Ave, Pittsburgh, PA 15212, USA"
"A-1 RUDY LOCK & SAFE","(724) 772-7839","locksmith","3.6","24","http://www.rudygetsmein.com/","3812 William Flinn Hwy, Allison Park, PA 15101, USA"
"Bradley Brothers, LLC","(412) 795-4284","gas-engineer","5","24","http://bradleybrothersllc.com/","4915 Verona Rd, Verona, PA 15147, USA"
"KeyMe Locksmiths","(412) 426-3471","locksmith","3.9","24","https://key.me/kiosks/pennsylvania/pittsburgh/virginia-manor-shops/make-keys-virginia-manor-shops-pa","1717 Cochran Rd, Pittsburgh, PA 15220, USA"
"Top Tech","(412) 707-7577","gas-engineer","4.7","24","https://toptechpgh.com/","541 E Main St, Carnegie, PA 15106, USA"
"Locksmith Time","(412) 400-1785","locksmith","4.8","24","https://www.locksmithtime.com/?utm_campaign=gmb","2546 Library Rd Suite 215, Pittsburgh, PA 15234, USA"
"KeyMe Locksmiths","(234) 231-9096","locksmith","4.5","23","https://key.me/kiosks/pennsylvania/pittsburgh/frankstown-west/key-copy-pittsburgh-pennsylvania","9001 Frankstown Rd, Pittsburgh, PA 15235, USA"
"Chuba Heating & Remodeling Inc","(412) 271-6246","gas-engineer","4.7","23","http://www.chubainc.com/","922 E 8th Ave, Munhall, PA 15120, USA"
"Sid Harvey Industries - HVAC/R Specialist Distributor","(412) 881-5220","gas-engineer","5","23","http://www.sidharvey.com/","10 Readshaw Way, Pittsburgh, PA 15236, USA"
"Sicilia Refrigeration & AC","(412) 331-0142","gas-engineer","3.8","23","","1002 McCoy Rd, McKees Rocks, PA 15136, USA"
"Award Roofing And Repairs","(412) 407-7872","roofer","4.6","23","","1209 Courtright St, Pittsburgh, PA 15212, USA"
"Minute Key","(412) 216-2377","locksmith","4.4","22","https://www.minutekey.com/key-services/pennsylvania/munhall/locksmith-key-copy-duplication-690-waterfront-drive-east/562/","690 E Waterfront Dr, Munhall, PA 15120, USA"
"Liberty Heating and Cooling LLC","(412) 795-1054","gas-engineer","4.5","22","https://www.libertyheatingandcoolingpittsburgh.com/","6415 Saltsburg Rd, Penn Hills Township, PA 15235, USA"
"Yinz Comfy Heating & Cooling","(412) 952-7632","gas-engineer","5","22","http://yinzcomfy.com/","2807 Sullivan Dr, Glenshaw, PA 15116, USA"
"KAP CONSTRUCTION","(412) 650-4545","roofer","5","22","http://paroofs.com/","5635 Horning Rd, Pittsburgh, PA 15236, USA"
"A-Locksmith Company","(412) 782-6223","locksmith","4.7","22","http://www.alockco.com/","621 Butler St, Pittsburgh, PA 15223, USA"
"Kelley Restoration, Inc","(412) 492-4723","roofer","4.6","21","","4607 Library Rd suite 220 #486, Bethel Park, PA 15102, USA"
"Steel Town Contracting of Pittsburgh","(724) 799-0707","roofer","5","21","https://412improvement.com/","322 N Shore Dr Building 1B, Suite 200A, Pittsburgh, PA 15212, USA"
"Trout Plumbing LLC","(412) 983-8106","plumber","4.4","21","http://troutplumbing.com/","4617 Clairton Blvd, West Mifflin, PA 15236, USA"
"WeatherSeal Home Services","(724) 933-4013","roofer","4.3","21","https://www.weathersealhomeservices.com/","740 Vista Park Dr, Pittsburgh, PA 15205, USA"
"D J Yonish Inc","(412) 833-1911","gas-engineer","4.7","21","http://djyonishhvac.com/","3001 South Park Rd, Bethel Park, PA 15102, USA"
"Smith Electric Service, Inc.","(412) 787-1389","electrician","4.4","21","http://www.smithelectricservice.com/","1464 Old Steubenville Pike, Pittsburgh, PA 15205, USA"
"Storm Guard Roofing and Construction of Pittsburgh","(412) 776-6567","roofer","4.4","20","https://www.stormguardrc.com/pa/pittsburgh-bridgeville/?utm_source=google&utm_medium=organic&utm_campaign=gbp-listing&utm_content=pittsburghbridgeville","800 Old Pond Rd Suite 703, Bridgeville, PA 15017, USA"
"Roof Maxx of Pittsburgh","(412) 787-5100","roofer","5","20","https://roofmaxx.com/find-a-dealer/pennsylvania/pittsburgh/","445 Wyola St, Pittsburgh, PA 15211, USA"
"RC Mechanical","(412) 965-1051","gas-engineer","4.5","20","","3050 Lento Blvd, Bethel Park, PA 15102, USA"
"JM General Maintenance Services LLC","(412) 257-4257","electrician","5","20","http://247backuppower.com/","20 Freedom Dr N, Bridgeville, PA 15017, USA"
"Top Roofing Solutions Corporation","(412) 722-2008","roofer","5","20","https://www.toproofingsolutions.com/","1416 Lincoln Hwy, North Versailles Township, PA 15137, USA"
"Watertight Roofing Systems","(844) 448-7663","roofer","4.8","20","https://www.watertightroofingsystems.com/","5923 Pavillion Ct, Wexford, PA 15090, USA"
"Violando Mechanical","(412) 609-7882","gas-engineer","4.8","20","","164 Richmore Dr, Verona, PA 15147, USA"
"Sembower-Mikesell, Inc.","(412) 241-0195","plumber","3.7","20","http://sembowermikesell.com/","1711 Douglass Dr, Pittsburgh, PA 15221, USA"
"Imperial Handyman Services","(412) 335-1175","plumber","4.7","20","","1016 Timber Trail, Imperial, PA 15126, USA"
"Buccos Roofing","(412) 501-2480","roofer","4.8","20","https://buccosroofing.com/green-tree-roofing-company/","500 Grant St #2900, Pittsburgh, PA 15219, USA"
"A Wilkins Electric","(412) 203-5066","electrician","4.8","19","https://www.awilkinselectric.net/","581 Coal Hollow Rd, Verona, PA 15147, USA"
"Castle Plumbing Heating Cooling","(412) 862-0898","plumber","5","19","http://www.castlephc.com/","533 Haverhill Rd, Pittsburgh, PA 15228, USA"
"Allegheny Plumbing, Inc","(412) 461-2515","plumber","4.5","19","http://www.alleghenyplumbinginc.com/","3726 Greensprings Ave, West Mifflin, PA 15122, USA"
"Lakewood Mechanical Inc","(412) 276-1929","plumber","4.5","19","https://www.lmipgh.net/","4237 Campbells Run Rd, Pittsburgh, PA 15205, USA"
"McGervey Electric","(412) 854-4436","electrician","3.8","19","http://www.mcgerveyelectric.com/","3571 Valley Dr, Pittsburgh, PA 15234, USA"
"J.W. Peters Electric Co","(412) 854-5800","electrician","4.3","19","http://peterselectric.com/","2037 Milford Dr #2107, Bethel Park, PA 15102, USA"
"Pro Degree Heating, Air Conditioning, & Refrigeration","(412) 759-7408","gas-engineer","4.6","19","","267 Allison Ave, Pittsburgh, PA 15202, USA"
"Cooksey Roofing","(412) 420-7438","roofer","5","18","http://www.cookseyexteriors.com/","2326 Wells Dr, Bethel Park, PA 15102, USA"
"Day & Night Heating & Air Conditioning","(412) 488-3962","gas-engineer","4.4","18","","2400 Arlington Ave, Pittsburgh, PA 15210, USA"
"KeyMe Locksmiths","(234) 294-1570","locksmith","4.7","18","https://key.me/kiosks/pennsylvania/pittsburgh/pittsburgh/duplicate-keys-pittsburgh-pennsylvania","9805 McKnight Rd, Pittsburgh, PA 15237, USA"
"Gator Roofing","(412) 293-1609","roofer","5","18","https://www.gatorroofingandrestoration.com/","1781 Pine Hollow Rd, McKees Rocks, PA 15136, USA"
"Poremski Michael F Plumbing & Heating","(412) 885-9042","plumber","4.8","18","http://www.michaelporemskiplumbing.com/","41 Glenbury St, Pittsburgh, PA 15234, USA"
"Pittsburgh Heating & Cooling Co","(412) 332-3902","gas-engineer","5","18","","2886 Glenmore Ave, Pittsburgh, PA 15216, USA"
"Mendelson Electric LLC","(412) 521-7652","electrician","4.6","18","http://www.mendelsonelectric.com/","2409 Beechwood Blvd, Pittsburgh, PA 15217, USA"
"JP Heating and Cooling","(412) 670-0416","gas-engineer","4.9","18","","172 Cranbrooke Dr, Coraopolis, PA 15108, USA"
"AWR Heating & Air","(412) 420-7997","gas-engineer","5","18","","917 Bebout Rd, Venetia, PA 15367, USA"
"DePra Professional Heating and Air LLC","(814) 359-8676","gas-engineer","5","18","http://depraprofessionalheatingandair.com/","182 Penn Lear Dr, Monroeville, PA 15146, USA"
"Renaissance Electric & Power Systems","(888) 681-9473","electrician","5","17","http://www.lightuppittsburgh.com/","121 Spencer Ln, Glenshaw, PA 15116, USA"
"Balistrieri Construction Co","(412) 486-6471","roofer","4.5","17","http://www.roofsandmore.com/","116 Wetzel Rd, Glenshaw, PA 15116, USA"
"DMI Locksmith Inc","(412) 218-3002","locksmith","4.2","17","https://www.dmilocksmith.com/","2004 Murray Ave Suit B, Pittsburgh, PA 15217, USA"
"Fast Quality & Service.","(412) 951-8021","roofer","4.7","16","http://www.fastqualityandservice.com/","526 Greensburg Pike, North Versailles Township, PA 15137, USA"
"A&C Systems Heating & Cooling","(412) 269-9116","gas-engineer","5","16","http://www.artshvac.com/","216 Centerdale Rd, Coraopolis, PA 15108, USA"
"B & B Plumbing","(724) 382-7473","plumber","4.5","16","http://www.billandbradplumbing.com/","2612 Poinsettia Dr, White Oak, PA 15131, USA"
"Gregg's Heating & Cooling Co","(412) 486-9504","gas-engineer","4.7","16","","2789 E Elfinwild Rd, Allison Park, PA 15101, USA"
"Tom Meyers Plumbing & Heating","(724) 693-2880","gas-engineer","4.9","16","","7516 Noblestown Rd, Oakdale, PA 15071, USA"
"Minute Key","(412) 290-1903","locksmith","2.8","16","https://www.minutekey.com/key-services/pennsylvania/pittsburgh/locksmith-key-copy-duplication-400-davis-blvd-/519/","400 Davis Blvd, Pittsburgh, PA 15275, USA"
"Anytime Comfort Heating and Cooling","(412) 605-2024","gas-engineer","5","15","https://anytimecomfortpgh.com/","3407 Evergreen Rd, Pittsburgh, PA 15237, USA"
"M Kirsh Plumbing","(412) 367-2533","plumber","4.8","15","","2424 Bellwood Dr, Pittsburgh, PA 15237, USA"
"Supreme Heating and Cooling","(412) 245-8964","electrician","5","15","https://supremeheatingandcooling412.com/?utm_source=google&utm_medium=organic&utm_campaign=gbp","1701 McFarland Rd #3A, Pittsburgh, PA 15216, USA"
"Pittsburgh Roofing Repair","(223) 244-3094","roofer","4.7","15","","627 Shawano St, Pittsburgh, PA 15212, USA"
"Iron Dog Plumbing Inc","(412) 630-9030","gas-engineer","4.4","14","","Rochester Rd, Pittsburgh, PA 15237, USA"
"Seasons Heating & Cooling LLC","(412) 486-6318","gas-engineer","4.7","14","","2830 Anderson Dr, Allison Park, PA 15101, USA"
"Ference Electric","(412) 443-9266","electrician","4.7","14","","934 Mc Kinley Terrace, Pittsburgh, PA 15202, USA"
"Young Electric Service","(412) 343-6000","electrician","4.7","14","https://www.youngelectricservicepittsburgh.com/","2702 Banksville Ave, Pittsburgh, PA 15216, USA"
"Affordable Drain Cleaning And Plumbing Repairs LLC","(412) 996-8021","plumber","3.9","14","https://brand.page/Affordabledraincleaningandplumbing","2301 Walnut St, McKeesport, PA 15132, USA"
"Pittsburgh Roofing Repair","(223) 223-7209","roofer","4.1","14","","218 Forbes Ave, Pittsburgh, PA 15222, USA"
"L&M Roofing","(888) 428-7663","roofer","4.7","13","http://landmroof.com/","200 Keystone Dr, Carnegie, PA 15106, USA"
"B & P Locksmith, Inc.","(412) 653-4010","locksmith","4.1","13","http://www.bplocksmith.com/","160 Clairton Blvd, Pittsburgh, PA 15236, USA"
"Stockhausen, Kevin C.","(412) 926-8042","electrician","4.1","13","","200 Santron Ave, Pittsburgh, PA 15210, USA"
"Low Cost Heating and Air","(412) 801-1462","gas-engineer","5","13","http://lowcosthvac.com/","219 Lebanon Rd, West Mifflin, PA 15122, USA"
"Distinctive Metal Roofing","(412) 903-9628","roofer","5","13","https://distinctivemetalroofing.com/?utm_source=googlemybusiness&utm_medium=organic&utm_campaign=pennsylvania","322 N Shore Dr Bldg. 1B, Suite 200, Pittsburgh, PA 15212, USA"
"Sullivan Heating","(412) 243-3897","gas-engineer","4.7","13","http://www.sullivanheating.pro/","210 Elmore Rd, Pittsburgh, PA 15221, USA"
"Seans Electrical Service","(412) 956-9910","electrician","5","13","","110 Jordan St, Bethel Park, PA 15102, USA"
"KNK ELECTRIC","(412) 351-7577","electrician","3.2","13","http://www.knkelectric.com/","2444 Scott Way, Swissvale, PA 15218, USA"
"Eugene Beck Company, Inc.","(412) 321-3356","gas-engineer","4.4","12","http://www.eugenebeckcompany.com/","924 Western Ave, Pittsburgh, PA 15233, USA"
"BK Electric","(412) 628-6553","electrician","5","12","","1809 Highland Ave, West Mifflin, PA 15122, USA"
"Equitable Heating & Air Conditioning","(412) 882-5500","gas-engineer","3.1","12","https://equitableheatingandair.com/","5120 Old Clairton Rd, Pittsburgh, PA 15236, USA"
"A Perfect Climate Heating and Air Conditioning LLC","(412) 225-4555","gas-engineer","5","12","https://aperfectclimatehvac.com/","179 Berryhill Rd, Glenshaw, PA 15116, USA"
"Fameli Heating and AC","(412) 417-8862","gas-engineer","5","12","http://famelihvac.com/","319 Richfield St, Pittsburgh, PA 15234, USA"
"Air Pro Heating & Cooling","(412) 963-1826","gas-engineer","2.7","12","","617 Northaven Cir, Glenshaw, PA 15116, USA"
"SSM Industries Inc","(412) 777-5102","plumber","4.7","12","http://www.ssmi.biz/","3401 Grand Ave, Pittsburgh, PA 15225, USA"
"Pittsburgh Roofing Solutions","(223) 223-7209","roofer","4.7","12","","105 W Station Square Dr, Pittsburgh, PA 15219, USA"
"RMR Roofing & Contracting","(412) 339-4588","roofer","5","11","http://rmrcontractingpgh.com/","335 Kline Ave, North Versailles Township, PA 15137, USA"
"Bahr Brothers, LLC","(412) 464-9781","roofer","4.3","11","https://www.bahrbrothers.com/","892 Forest Ave, Homestead, PA 15120, USA"
"R&G Roofing and Siding","(412) 758-4218","roofer","4.4","11","https://www.rgroofingandsiding.com/request-an-appointment","1340 Grove Rd, Castle Shannon, PA 15234, USA"
"Makrinos Plumbing","(412) 854-5525","gas-engineer","3.9","11","","1049 Transit Blvd, Bethel Park, PA 15102, USA"
"Hanus Plumbing & Heating","(412) 461-3614","gas-engineer","4.9","11","","227 3rd Ave, Braddock, PA 15104, USA"
"Jantzi's Roof Restorations","(724) 734-3056","roofer","5","11","https://www.jantziroofrestoration.com/","606 Liberty Ave 3rd Floor, Pittsburgh, PA 15222, USA"
"Merit Electrical Group, Inc.","(412) 346-0125","electrician","5","11","http://meritelectricalgroup.com/","204 Pennsylvania Ave, Oakmont, PA 15139, USA"
"Minute Key","(412) 304-9412","locksmith","4.5","11","https://www.minutekey.com/key-services/pennsylvania/monroeville/locksmith-key-copy-duplication-4200-william-penn-highway/569/","4200 William Penn Hwy, Monroeville, PA 15146, USA"
"Webster Electric","(878) 204-7808","electrician","4.6","11","https://sites.google.com/websterelectricpa.com/home/home","220 Trowbridge St, Pittsburgh, PA 15207, USA"
"Impact HVAC LLC","(412) 297-1852","gas-engineer","5","10","","3227 Villawood Ave, Brentwood, PA 15227, USA"
"Hays Heating & Cooling","(412) 788-1034","gas-engineer","5","10","","112 Lorish Rd, McKees Rocks, PA 15136, USA"
"ASAP Roofing Pros","(412) 720-5470","roofer","4.5","10","","5840 Steubenville Pike, McKees Rocks, PA 15136, USA"
"KeyMe Locksmiths","(412) 593-5613","locksmith","4.5","10","https://key.me/kiosks/pennsylvania/pittsburgh/pittsburgh/locksmith-key-copy-pittsburgh-giant-eagle-15217-pennsylvania","1901 Murray Ave, Pittsburgh, PA 15217, USA"
"Dennis Carr Heating & AC","(412) 466-8976","gas-engineer","4.2","10","","100 5th St, Dravosburg, PA 15034, USA"
"Combustion Service & Equipment Co.","(412) 821-8900","gas-engineer","4.9","9","http://www.combustionservice.com/","2016 Babcock Blvd, Pittsburgh, PA 15209, USA"
"Topka Electric Solutions","(412) 706-0609","electrician","4.6","9","","2837 Oak St, Bethel Park, PA 15102, USA"
"Kletz Contracting Inc","(412) 200-2475","roofer","5","9","http://www.kletzcontracting.com/?utm_source=google&utm_medium=organic&utm_campaign=google_business_profile","1468 Old Steubenville Pike suite d, Pittsburgh, PA 15205, USA"
"Mek the Contractor","(412) 680-5806","plumber","5","9","","705 Thorn St, Sewickley, PA 15143, USA"
"L Germek Heating & Cooling","(412) 672-2566","gas-engineer","4.2","9","","692 Oneil Blvd, McKeesport, PA 15132, USA"
"Ken Burns Roofing","(412) 276-8360","roofer","4.1","9","","703 W Main St, Carnegie, PA 15106, USA"
"Minute Key","(412) 328-4186","locksmith","4","9","https://www.minutekey.com/key-services/pennsylvania/west-mifflin/locksmith-key-copy-duplication-1025-mountain-view-dr-/32310/","1025 Mountain View Dr, West Mifflin, PA 15122, USA"
"Pleasant Hills Plumbing Heating Cooling","(412) 655-3275","gas-engineer","5","9","","1145 Forest Ave, Pittsburgh, PA 15236, USA"
"Minute Key","(412) 295-6161","locksmith","3.8","9","https://www.minutekey.com/key-services/pennsylvania/bethel-park/locksmith-key-copy-duplication-5775-baptist-rd/26091/","5775 Baptist Rd, Bethel Park, PA 15102, USA"
"Samson Heating & Cooling, Inc.","(412) 287-5466","gas-engineer","4.6","9","https://www.samsonheatingandcooling.net/","3910 Shoreham St, Pittsburgh, PA 15212, USA"
"Benjamin Franklin Plumbing","(412) 299-3004","plumber","5","8","https://www.benjaminfranklinplumbing.com/","1420 4th Ave, Coraopolis, PA 15108, USA"
"Lia Plumbing Heating & Air","(412) 469-2280","gas-engineer","4","8","http://www.liaplumbing.com/","818 Grant Ave, Duquesne, PA 15110, USA"
"Luminosity Electric","(412) 478-8714","electrician","5","8","","Pittsburgh, PA 15235, USA"
"Benjamin Franklin Plumbing","(412) 749-0123","plumber","4.9","8","https://www.benjaminfranklinplumbing.com/","Sewickley, PA 15143, USA"
"Allegheny City Electric, Inc.","(412) 931-0777","electrician","4.5","8","http://www.alleghenycityelectric.com/","3080 Babcock Blvd, Pittsburgh, PA 15237, USA"
"AJ Heating & Air Conditioning LLC","(412) 327-1848","gas-engineer","5","8","https://ajhvacllc.com/","1460 Mohican Dr, Pittsburgh, PA 15228, USA"
"action bros.plumbing","(412) 833-7473","plumber","4","8","http://actionbrosplumbing.com/","1168 Broughton Rd, Pittsburgh, PA 15236, USA"
"Nations Crest Exteriors","(412) 318-4359","roofer","5","8","https://nationscrest.com/location-pittsburgh/","3445 Babcock Blvd Ste 3, Pittsburgh, PA 15237, USA"
"Kuehn's Heating & Cooling","(412) 609-1578","gas-engineer","5","8","","2165 Grandview Ave, Monroeville, PA 15146, USA"
"Clista Electric","(412) 243-2430","electrician","4.9","8","http://www.clistaelectric.com/","5000 Andrews Dr, Pittsburgh, PA 15221, USA"
"Kangaroo Plumbing","(412) 244-5775","gas-engineer","4.5","8","","Pittsburgh, PA 15235, USA"
"NCC Construction LLC","(412) 802-5203","roofer","5","8","http://nccconstructionpa.com/","144-150 Delaware Dr, Coraopolis, PA 15108, USA"
"Murphy Plumbing & Heating","(412) 734-9196","gas-engineer","4.9","7","http://www.murphyscontractingpgh.com/","1115 Davis Ave, Pittsburgh, PA 15212, USA"
"Minute Key","(412) 312-0631","locksmith","5","7","https://www.minutekey.com/key-services/pennsylvania/pittsburgh/locksmith-key-copy-duplication-9051-st-simon-way/32770/","9051 St Simon Way, Pittsburgh, PA 15237, USA"
"Eddie's Electric","(412) 429-0685","electrician","3.3","7","","33 Greenbriar Dr, Pittsburgh, PA 15220, USA"
"Hausler Roofing","(412) 434-6500","roofer","4.3","7","http://hausler-roofing.com/","3212 Smallman St, Pittsburgh, PA 15201, USA"
"Steel City Electrical Services LLC","(412) 598-0464","electrician","5","7","https://electricalbrooksbrothers.com/","3197 Bel Air Dr, Pittsburgh, PA 15227, USA"
"H&A Pittsburgh Electrician","(412) 387-5199","electrician","4.4","7","https://topelectricalservicesofpittsburgh.com/","104 Bower Hill Rd #79, Pittsburgh, PA 15228, USA"
"Howard T Moore Co","(412) 462-4696","gas-engineer","5","7","","403 W 8th Ave, Homestead, PA 15120, USA"
"Stewart Electric Contracting","(412) 496-1811","electrician","4.3","7","http://stewartelectricco.com/","113 E Genessee Ave, Pittsburgh, PA 15223, USA"
"Roberts Roofing Co.","(412) 353-7663","roofer","5","7","https://robertsroofingpgh.com/","5831 Forward Ave Suite 1536, Pittsburgh, PA 15217, USA"
"R&P Construction Roofing Inc","(724) 217-6342","roofer","5","7","https://rpconstructionroofing.com/","506 Thompson Run Rd apt A, Penn Hills Township, PA 15235, USA"
"S. A. Poremski Plumbing, LLC","(412) 377-0583","plumber","5","7","https://saporemskiplumbing.com/","2312 Bernard St, Pittsburgh, PA 15234, USA"
"McGuire Electric","(412) 760-9236","electrician","5","6","http://mcguire-electric.com/","2029 Clairton Rd, West Mifflin, PA 15122, USA"
"Buccilli Plumbing LLC","(412) 926-3186","plumber","4.3","6","","1725 Williamsburg Pl, Pittsburgh, PA 15235, USA"
"O'Shea Electric","(412) 331-8747","electrician","5","6","","833 Woodward Ave, McKees Rocks, PA 15136, USA"
"Hilltop Electric Inc","(412) 787-1900","electrician","5","6","","225 McCormick Rd, McKees Rocks, PA 15136, USA"
"DAC ROOFING","(412) 390-8181","roofer","5","6","https://dac-roofing.com/","7245 Campania Ave, Pittsburgh, PA 15206, USA"
"Security Roofing and General Constructor llc","(724) 205-5745","roofer","5","6","http://securityroofingandgeneral.com/","848 Jefferson St, McKeesport, PA 15132, USA"
"Pro Roofing Service","(412) 926-9147","roofer","5","6","http://www.proroofingservice.com/","424 Locust St, McKees Rocks, PA 15136, USA"
"Wahl Heating & Cooling","(412) 276-9245","gas-engineer","5","6","http://www.wahlheatingandcooling.com/","136 Cape May Ave, Pittsburgh, PA 15216, USA"
"Emerald Electrical Services, LLC","(412) 239-9981","electrician","5","6","https://www.emeraldesllc.com/","604 Epsilon Dr, Pittsburgh, PA 15238, USA"
"Sparrow’s Roofing LLC","(412) 613-3297","roofer","5","6","http://sparrowsroofing.com/","9 Holland Ave, Rankin, PA 15104, USA"
"KeyMe Locksmiths","(412) 998-7978","locksmith","5","6","https://key.me/kiosks/pennsylvania/pittsburgh/pittsburgh/locksmith-key-copy-pittsburgh-giant-eagle-15227-pennsylvania","600 Towne Square Wy, Pittsburgh, PA 15227, USA"
"Hope Roofing and Gutters","(412) 264-7598","roofer","5","5","http://www.hoperoofingandgutters.com/","1529 Vance Ave, Coraopolis, PA 15108, USA"
"Darrell Hayes Plumbing & Heating","(412) 828-3909","gas-engineer","4.2","5","","315 Pennsylvania Ave, Verona, PA 15147, USA"
"Tru Temp HVAC/R","(412) 628-3978","gas-engineer","3.4","5","http://www.trutemp.us/","121 Brookmeade Dr, Pittsburgh, PA 15237, USA"
"AM SOLUTIONS","(412) 872-7301","roofer","5","5","http://amsolutions412.com/","206 Sandy Dr, Glenshaw, PA 15116, USA"
"Sun-Ray Heating & Cooling Co","(412) 486-1700","gas-engineer","5","5","http://www.sunrayheating.com/","2490 Wildwood Rd, Wildwood, PA 15091, USA"
"Yunk Roofing & Remodeling","(412) 464-1113","roofer","5","5","","207 Castle Dr, West Mifflin, PA 15122, USA"
"Todd Electric Company","(412) 292-4421","electrician","5","5","","539 Bateman Rd, Oakdale, PA 15071, USA"
"UglyRoof","(877) 845-9766","roofer","5","5","https://uglyroof.com/","126 Sygan Rd Suite 101, McDonald, PA 15057, USA"
"Manz Plumbing","(412) 366-1996","gas-engineer","5","5","","2326 Haven Hill Rd, Sewickley, PA 15143, USA"
"Barak Plumbing","(484) 457-6364","plumber","5","5","http://plumbersinpittsburghpa.com/","6564 Frankstown Ave, Pittsburgh, PA 15206, USA"
"Pittsburgh Heating & Cooling Inc","(412) 484-3443","gas-engineer","5","5","","222 Fifth Ave, Pittsburgh, PA 15222, USA"
"Providential Roofing and Construction","(724) 711-0522","roofer","5","5","http://www.providentialroofing.com/","1100 Washington Ave #304, Carnegie, PA 15106, USA"
"Lenart Heating & Cooling","(412) 824-5894","gas-engineer","5","5","http://www.lenartheatingandcooling.com/","814 Sylvan Ave, North Versailles Township, PA 15137, USA"
"Minute Key","(412) 328-5861","locksmith","3.8","5","https://www.minutekey.com/key-services/pennsylvania/north-versailles/locksmith-key-copy-duplication-100-walmart-dr/27260/?utm_source=Synup&utm_medium=GoogleMaps&utm_campaign=WSW02588","100 Walmart Dr, North Versailles Township, PA 15137, USA"
"Beltway Roofing","(412) 356-4486","roofer","5","4","https://beltwayroofing.com/","651 Holiday Dr Suite 400, Pittsburgh, PA 15220, USA"
"J M Heating Air Conditioning & Refrigeration","(412) 824-9922","gas-engineer","4","4","https://www.jmhtgacref.com/","125 Queenston Dr, Pittsburgh, PA 15235, USA"
"John Henry Roofing","(412) 609-4408","roofer","5","4","https://www.johnhenryroofingusa.com/","602 Broadway Blvd, Monroeville, PA 15140, USA"
"Craddock Electric","(412) 921-2474","electrician","5","4","","48 Obey St, Pittsburgh, PA 15205, USA"
"KeyMe Locksmiths","(412) 324-3076","locksmith","4.5","4","https://key.me/kiosks/pennsylvania/mckees-rocks/mckees-rocks/locksmith-key-copy-mckees-rocks-giant-eagle-15136-pennsylvania","1800 McKees Rocks Rd, McKees Rocks, PA 15136, USA"
"Premier Heating and Cooling LLC","(412) 928-8277","gas-engineer","4","4","https://premierheatingandcooling.net/","211 Overlook Dr, Sewickley, PA 15143, USA"
"Timothy Nave Plumbing & Heating","(412) 795-7693","gas-engineer","5","4","","1905 Leechburg Rd, Penn Hills Township, PA 15235, USA"
"Klink Heating & Air Conditioning Co","(412) 781-8935","gas-engineer","4.3","4","","2 Cedar St, Pittsburgh, PA 15223, USA"
"Armstrong Comfort Solutions","(724) 789-9100","gas-engineer","3","4","https://armstrongcomfort.com/","1370 Washington Pike Suite 305, Bridgeville, PA 15017, USA"
"Phoenix Solutions Contracting","(412) 759-5847","electrician","5","4","","4476 2nd St, Bethel Park, PA 15102, USA"
"McGinnis Electrical Contracting Company","(412) 331-8333","electrician","5","4","https://mcginnis-ecc.com/","1033 Chartiers Ave, McKees Rocks, PA 15136, USA"
"The Electric Company, Inc.","(412) 766-4566","electrician","5","4","http://www.tecpittsburgh.com/","324A Camp Horne Rd, Pittsburgh, PA 15202, USA"
"Mark D Emanuele Roofing & Siding","(412) 877-4095","roofer","4","4","http://www.emanueleroofing.com/","753 5th St, Oakmont, PA 15139, USA"
"M & J Electrical Contracting, Inc","(412) 279-6676","electrician","5","3","https://www.majec.net/","684 Becks Run Rd, Pittsburgh, PA 15210, USA"
"Tru Electric Services","(412) 328-1481","electrician","3.7","3","https://www.truelectricllc.com/","229 Maxwell St, Pittsburgh, PA 15205, USA"
"Capitol Insurance Restorations commercial division llc","(800) 465-5805","roofer","5","3","http://www.cirestorations.com/","610 Main St, Pittsburgh, PA 15215, USA"
"Independent Mechanical, Inc.","(412) 249-8299","electrician","5","3","https://www.independent-mechanical.com/","1000 Gregg St Bldg. 20, Carnegie, PA 15106, USA"
"Rooter-Man","(877) 777-9440","plumber","3.7","3","https://rooterman.com/pittsburgh-pa/","2935 Belrose Ave, Pittsburgh, PA 15216, USA"
"MC Roofing LLC","(412) 513-6070","roofer","5","3","https://www.mcroofingpgh.com/about-us","1555 Broadway Ave Second Floor, Pittsburgh, PA 15216, USA"
"Hanlon Electric Company","(412) 795-6100","electrician","5","3","http://www.hanlonelectric.com/","530 Old Frankstown Rd, Monroeville, PA 15146, USA"
"Ferry Electric Company","(412) 892-2100","electrician","4.7","3","http://www.ferryelectric.com/","250 Curry Hollow Rd, Pittsburgh, PA 15236, USA"
"Machi Mechanical LLC","(724) 823-0435","gas-engineer","5","3","http://www.machimechanical.com/","510 Ridgeview Dr, Dravosburg, PA 15034, USA"
"NIKO Contracting Co., Inc","(412) 687-1517","roofer","5","3","http://www.nikocontracting.com/","3434 Parkview Ave, Pittsburgh, PA 15213, USA"
"Powell Mechanical Inc","(412) 781-2121","gas-engineer","5","3","http://www.powellmechanical.com/","1616 Noble St, Sharpsburg, PA 15215, USA"
"KeyMe Locksmiths","(412) 533-5301","locksmith","2.7","3","https://key.me/kiosks/pennsylvania/pittsburgh/pittsburgh/locksmith-key-copy-pittsburgh-giant-eagle-15224-pennsylvania","4401 Liberty Ave, Pittsburgh, PA 15224, USA"
"Hooper Roofing Inc","(412) 243-1276","roofer","5","3","http://www.hooperroofing.com/","614 Ardmore Blvd, Pittsburgh, PA 15221, USA"
"A Plus Roofing","(412) 477-2556","roofer","5","3","https://www.aplusroofingpa.com/","503 Boggs Ave, Pittsburgh, PA 15211, USA"
"Sacred Pillars Demolition and Construction, LLC","(814) 596-3361","roofer","5","3","","2884 Maple St, Bethel Park, PA 15102, USA"
"D. Dennis & Son, Inc.","(412) 787-0123","plumber","5","3","","908 Parkway View Dr Suite A, Pittsburgh, PA 15205, USA"
"P C Mc Kenzie Co","(412) 257-8866","gas-engineer","5","2","http://www.mckenziecorp.com/","1365 McLaughlin Run Rd, Pittsburgh, PA 15241, USA"
"Expert Roofing, Co","(412) 655-1877","roofer","5","2","http://www.expertroofpa.com/","446 Torwood Ln, Pleasant Hills, PA 15236, USA"
"UA Local 27","(724) 695-8175","plumber","2.5","2","http://ua27.com/","1040 Montour West Ind Park, Coraopolis, PA 15108, USA"
"The Light Company, LLC","(412) 920-4230","electrician","5","2","http://www.lightcompanypa.com/","2212 Noblestown Rd, Pittsburgh, PA 15205, USA"
"Warriors Roofing & Paving","(412) 424-7075","roofer","5","2","","1887 Oakbine Ave floor 2, Coraopolis, PA 15108, USA"
"Andrew Stroje Plumbing","(412) 784-8191","gas-engineer","5","2","","803 Main St, Pittsburgh, PA 15215, USA"
"Three Rivers Mechanical, LLC","(412) 535-3007","gas-engineer","4.5","2","","40 Exeter St, Pittsburgh, PA 15217, USA"
"Service Equipment Co Inc","(412) 766-6085","gas-engineer","3","2","http://www.seco-pgh.com/","10 Ben Avon Heights Rd, Pittsburgh, PA 15202, USA"
"AGCS Heating and Cooling","(412) 292-6287","gas-engineer","5","2","http://agcshvacllc.com/","93 Phillips Ln, Coraopolis, PA 15108, USA"
"Revive Heating & Cooling LLC.","(412) 316-5823","gas-engineer","5","2","","7424 Washington Ave, Pittsburgh, PA 15218, USA"
"Sears Heating and Air Conditioning","(737) 281-2667","gas-engineer","4","2","https://www.searshomeservices.com/repair/hvac-repair-service?utm_campaign=GMBhomeimprovement&utm_medium=organic&utm_source=GMBlisting&SID=1034932&phone=7372812667","3838 William Penn Hwy, Monroeville, PA 15146, USA"
"Chip Key Re-Programming","(412) 481-9241","locksmith","3","2","","1428 High St, Pittsburgh, PA 15212, USA"
"KeyMe Locksmiths","(412) 274-8421","locksmith","3","2","https://key.me/kiosks/pennsylvania/pittsburgh/pittsburgh/locksmith-key-copy-pittsburgh-speedway-15217-pennsylvania","4420 Browns Hill Rd, Pittsburgh, PA 15217, USA"
"Alabek Commercial Roofing Corp.","(412) 486-7663","roofer","5","2","http://www.alabekroofing.com/","4030 William Flinn Hwy, Allison Park, PA 15101, USA"
"Pittsburgh Roofing Solutions, Inc","(412) 794-8073","roofer","5","2","https://pittroofingsolutions.com/","2585 Freeport Rd suite 218, Pittsburgh, PA 15238, USA"
"The Mechanical Services Company","(412) 471-6618","gas-engineer","5","2","https://www.tmschvac.com/","2409 Nicholson Rd, Sewickley, PA 15143, USA"
"VIP Heat & a-C","(412) 829-4668","gas-engineer","3","2","http://www.vipheatac.com/","876 Sylvan Ave, North Versailles Township, PA 15137, USA"
"Alpha Home Enhancements LLC","(412) 757-5706","roofer","5","1","","4125 Glencairn St, West Mifflin, PA 15122, USA"
"EPS - Pittsburgh","(412) 276-4559","electrician","5","1","","1090 Montour West Ind Park, Coraopolis, PA 15108, USA"
"South Hills Plumbers","(412) 681-9525","plumber","5","1","","1338 Streets Run Rd, Pittsburgh, PA 15236, USA"
"Minute Key","(805) 472-6062","locksmith","5","1","https://www.minutekey.com/key-services/pennsylvania/bridgeville/locksmith-key-copy-duplication-1025-washington-pike/32889/","1025 Washington Pike, Bridgeville, PA 15017, USA"
"KeyMe Locksmiths","(412) 912-4076","locksmith","5","1","https://key.me/kiosks/pennsylvania/pittsburgh/pittsburgh/locksmith-copy-keys-pittsburgh-giant-eagle-15212-pennsylvania","318-320 Cedar Ave, Pittsburgh, PA 15212, USA"
"B Nydes Licensed Electrician","(412) 480-5148","electrician","4","1","https://www.bnydeslicensedelectrician.com/","33 Fairfield Ct, Pittsburgh, PA 15201, USA"
"Philips Heating and Cooling","(412) 835-0727","gas-engineer","5","1","http://www.philipsheatingcooling.com/","19 Mitchell Dr, Pittsburgh, PA 15241, USA"
"Miller Plumbing Heating & Cooling","(412) 848-3253","plumber","1","1","https://www.millerplumbingheatingcooling.com/","Mount Lebanon Township, PA 15228, USA"
"Josowitz Roofing","(412) 421-5698","roofer","5","1","","2003 W Run Rd, Munhall, PA 15120, USA"
"Minella Plumbing","(412) 257-8771","plumber","5","1","","615 4th Ave, Bridgeville, PA 15017, USA"
"M J Flaherty Plumbing & Heating","(412) 279-3224","plumber","5","1","https://www.mjflahertyplumbing.com/","1212 Hope Hollow Rd, Carnegie, PA 15106, USA"
"The VJ Crew","(412) 652-2625","roofer","5","1","https://www.thevjcrewroofing.com/","725 Michigan Ave, Glassport, PA 15045, USA"
"KeyMe Locksmiths","(412) 871-6291","locksmith","5","1","https://www.key.me/kiosks/pennsylvania/west-view/west-view/locksmith-key-copy-west-view-giant-eagle-15229-pennsylvania","1029 W View Park Dr, West View, PA 15229, USA"
"Minute Key","(412) 439-9166","locksmith","3","1","https://www.minutekey.com/key-services/pennsylvania/pittsburgh/locksmith-key-copy-duplication-400-n-highland-ave/33029/","400 N Highland Ave, Pittsburgh, PA 15206, USA"
"Simqu Electric Co. Inc.","(412) 664-0800","electrician","5","1","http://www.simquelectric.com/","1530 Fawcett Ave, White Oak, PA 15131, USA"
"Ruthrauff Service, LLC","(412) 771-7700","gas-engineer","5","1","http://www.ruthrauff.com/","320 King Court, Coraopolis, PA 15108, USA"
"All Year Comfort LLC","(412) 901-3604","gas-engineer","5","1","","711 Gallion Ave, Pittsburgh, PA 15226, USA"
"Boyum Mechanical","(412) 758-8596","plumber","","","http://boyummechanical.com/","4885 McKnight Rd, Pittsburgh, PA 15237, USA"
"Bruce & Merrilees","(412) 458-5176","electrician","","","https://www.bruceandmerrilees.com/","6000 Babcock Blvd Suite 104, Pittsburgh, PA 15237, USA"
"Lia mechanical LLC","(412) 638-6687","gas-engineer","","","https://liamechanical.com/","816 West Grant, Duquesne, PA 15110, USA"
"Edison Electricians of Pittsburgh","(724) 305-3262","electrician","","","","4955 Steubenville Pike Ste 185, Pittsburgh, PA 15205, USA"
"Keystone Electrical Systems Inc.","(412) 823-5500","electrician","","","http://www.keystoneelectric.biz/","1050 3rd St, North Versailles Township, PA 15137, USA"
"High Voltage Maintenance (HVM)","(412) 747-0550","electrician","","","https://www.hvmcorp.com/en-us/?utm_source=Google+Business+Listing&utm_medium=Pittsburgh&utm_id=BusList","355 Vista Park Dr, Pittsburgh, PA 15205, USA"
"United Electric","(412) 781-4070","electrician","","","https://www.unitedelectric.com/","112 Grant Ave, Etna, PA 15223, USA"
"roof repair beaver county pa","(412) 999-0191","roofer","","","","1600 Skyline Dr Apt. A2, Pittsburgh, PA 15227, USA"
"Minute Key","(412) 302-0328","locksmith","","","https://www.minutekey.com/key-services/pennsylvania/pittsburgh/locksmith-key-copy-duplication-999-ross-park-mall-dr/32363/","999 Ross Park Mall Dr, Pittsburgh, PA 15237, USA"
"Ken's Electrical Services","(412) 223-8983","electrician","","","","8156 Chaske St, Verona, PA 15147, USA"
"Doing It Right Roofing, Siding, Remodeling, LLC","(724) 351-0499","roofer","","","https://roofingcontractorpittsburgh.com/","962 William Flinn Hwy, Glenshaw, PA 15116, USA"
"PORADA ELECTRIC LLC","(412) 264-2300","electrician","","","http://www.poradaelectric.com/","1231 4th Ave, Coraopolis, PA 15108, USA"